frame,timestamp,confidence,success,gaze_angle_x,gaze_angle_y,pose_Rx,pose_Ry,pose_Rz,AU01_r,AU02_r,AU04_r,AU05_r,AU06_r,AU07_r,AU09_r,AU10_r,AU12_r,AU14_r,AU15_r,AU17_r,AU20_r,AU23_r,AU25_r,AU26_r,AU45_r
0,0.0,0.0,0,0.538,0.454,-0.354,0.408,0.069,0.0,0.0,0.0,0.0,0.0,0.0,0.0,0.0,0.0,0.0,0.0,0.0,0.0,0.0,0.0,0.0,0.0
1,0.04,0.0,0,0.538,0.454,-0.354,0.408,0.069,0.0,0.0,0.0,0.0,0.0,0.0,0.0,0.0,0.0,0.0,0.0,0.0,0.0,0.0,0.0,0.0,0.0
2,0.08,0.0,0,0.538,0.454,-0.354,0.408,0.069,0.0,0.0,0.0,0.0,0.0,0.0,0.0,0.0,0.0,0.0,0.0,0.0,0.0,0.0,0.0,0.0,0.0
3,0.12,0.0,0,0.538,0.454,-0.354,0.408,0.069,0.0,0.0,0.0,0.0,0.0,0.0,0.0,0.0,0.0,0.0,0.0,0.0,0.0,0.0,0.0,0.0,0.0
4,0.16,0.0,0,0.538,0.454,-0.354,0.408,0.069,0.0,0.0,0.0,0.0,0.0,0.0,0.0,0.0,0.0,0.0,0.0,0.0,0.0,0.0,0.0,0.0,0.0
5,0.2,0.0,0,0.538,0.454,-0.354,0.408,0.069,0.0,0.0,0.0,0.0,0.0,0.0,0.0,0.0,0.0,0.0,0.0,0.0,0.0,0.0,0.0,0.0,0.0
6,0.24,0.0,0,0.538,0.454,-0.354,0.408,0.069,0.0,0.0,0.0,0.0,0.0,0.0,0.0,0.0,0.0,0.0,0.0,0.0,0.0,0.0,0.0,0.0,0.0
7,0.28,0.0,0,0.538,0.454,-0.354,0.408,0.069,0.0,0.0,0.0,0.0,0.0,0.0,0.0,0.0,0.0,0.0,0.0,0.0,0.0,0.0,0.0,0.0,0.0
8,0.32,0.0,0,0.538,0.454,-0.354,0.408,0.069,0.0,0.0,0.0,0.0,0.0,0.0,0.0,0.0,0.0,0.0,0.0,0.0,0.0,0.0,0.0,0.0,0.0
9,0.36,0.0,0,0.538,0.454,-0.354,0.408,0.069,0.0,0.0,0.0,0.0,0.0,0.0,0.0,0.0,0.0,0.0,0.0,0.0,0.0,0.0,0.0,0.0,0.0
10,0.4,0.0,0,0.538,0.454,-0.354,0.408,0.069,0.0,0.0,0.0,0.0,0.0,0.0,0.0,0.0,0.0,0.0,0.0,0.0,0.0,0.0,0.0,0.0,0.0
11,0.44,0.0,0,0.538,0.454,-0.354,0.408,0.069,0.0,0.0,0.0,0.0,0.0,0.0,0.0,0.0,0.0,0.0,0.0,0.0,0.0,0.0,0.0,0.0,0.0
12,0.48,0.0,0,0.538,0.454,-0.354,0.408,0.069,0.0,0.0,0.0,0.0,0.0,0.0,0.0,0.0,0.0,0.0,0.0,0.0,0.0,0.0,0.0,0.0,0.0
13,0.52,0.0,0,0.538,0.454,-0.354,0.408,0.069,0.0,0.0,0.0,0.0,0.0,0.0,0.0,0.0,0.0,0.0,0.0,0.0,0.0,0.0,0.0,0.0,0.0
14,0.56,0.0,0,0.538,0.454,-0.354,0.408,0.069,0.0,0.0,0.0,0.0,0.0,0.0,0.0,0.0,0.0,0.0,0.0,0.0,0.0,0.0,0.0,0.0,0.0
15,0.6,0.0,0,0.538,0.454,-0.354,0.408,0.069,0.0,0.0,0.0,0.0,0.0,0.0,0.0,0.0,0.0,0.0,0.0,0.0,0.0,0.0,0.0,0.0,0.0
16,0.64,0.0,0,0.538,0.454,-0.354,0.408,0.069,0.0,0.0,0.0,0.0,0.0,0.0,0.0,0.0,0.0,0.0,0.0,0.0,0.0,0.0,0.0,0.0,0.0
17,0.68,0.0,0,0.538,0.454,-0.354,0.408,0.069,0.0,0.0,0.0,0.0,0.0,0.0,0.0,0.0,0.0,0.0,0.0,0.0,0.0,0.0,0.0,0.0,0.0
18,0.72,0.0,0,0.538,0.454,-0.354,0.408,0.069,0.0,0.0,0.0,0.0,0.0,0.0,0.0,0.0,0.0,0.0,0.0,0.0,0.0,0.0,0.0,0.0,0.0
19,0.76,0.0,0,0.538,0.454,-0.354,0.408,0.069,0.0,0.0,0.0,0.0,0.0,0.0,0.0,0.0,0.0,0.0,0.0,0.0,0.0,0.0,0.0,0.0,0.0
20,0.8,0.0,0,0.538,0.454,-0.354,0.408,0.069,0.0,0.0,0.0,0.0,0.0,0.0,0.0,0.0,0.0,0.0,0.0,0.0,0.0,0.0,0.0,0.0,0.0
21,0.84,0.0,0,0.538,0.454,-0.354,0.408,0.069,0.0,0.0,0.0,0.0,0.0,0.0,0.0,0.0,0.0,0.0,0.0,0.0,0.0,0.0,0.0,0.0,0.0
22,0.88,0.0,0,0.538,0.454,-0.354,0.408,0.069,0.0,0.0,0.0,0.0,0.0,0.0,0.0,0.0,0.0,0.0,0.0,0.0,0.0,0.0,0.0,0.0,0.0
23,0.92,0.0,0,0.538,0.454,-0.354,0.408,0.069,0.0,0.0,0.0,0.0,0.0,0.0,0.0,0.0,0.0,0.0,0.0,0.0,0.0,0.0,0.0,0.0,0.0
24,0.96,0.0,0,0.538,0.454,-0.354,0.408,0.069,0.0,0.0,0.0,0.0,0.0,0.0,0.0,0.0,0.0,0.0,0.0,0.0,0.0,0.0,0.0,0.0,0.0
25,1.0,0.0,0,0.538,0.454,-0.354,0.408,0.069,0.0,0.0,0.0,0.0,0.0,0.0,0.0,0.0,0.0,0.0,0.0,0.0,0.0,0.0,0.0,0.0,0.0
26,1.04,0.0,0,0.538,0.454,-0.354,0.408,0.069,0.0,0.0,0.0,0.0,0.0,0.0,0.0,0.0,0.0,0.0,0.0,0.0,0.0,0.0,0.0,0.0,0.0
27,1.08,0.0,0,0.538,0.454,-0.354,0.408,0.069,0.0,0.0,0.0,0.0,0.0,0.0,0.0,0.0,0.0,0.0,0.0,0.0,0.0,0.0,0.0,0.0,0.0
28,1.12,0.0,0,0.538,0.454,-0.354,0.408,0.069,0.0,0.0,0.0,0.0,0.0,0.0,0.0,0.0,0.0,0.0,0.0,0.0,0.0,0.0,0.0,0.0,0.0
29,1.16,0.0,0,0.538,0.454,-0.354,0.408,0.069,0.0,0.0,0.0,0.0,0.0,0.0,0.0,0.0,0.0,0.0,0.0,0.0,0.0,0.0,0.0,0.0,0.0
30,1.2,0.0,0,0.538,0.454,-0.354,0.408,0.069,0.0,0.0,0.0,0.0,0.0,0.0,0.0,0.0,0.0,0.0,0.0,0.0,0.0,0.0,0.0,0.0,0.0
31,1.24,0.0,0,0.538,0.454,-0.354,0.408,0.069,0.0,0.0,0.0,0.0,0.0,0.0,0.0,0.0,0.0,0.0,0.0,0.0,0.0,0.0,0.0,0.0,0.0
32,1.28,0.0,0,0.538,0.454,-0.354,0.408,0.069,0.0,0.0,0.0,0.0,0.0,0.0,0.0,0.0,0.0,0.0,0.0,0.0,0.0,0.0,0.0,0.0,0.0
33,1.32,0.0,0,0.538,0.454,-0.354,0.408,0.069,0.0,0.0,0.0,0.0,0.0,0.0,0.0,0.0,0.0,0.0,0.0,0.0,0.0,0.0,0.0,0.0,0.0
34,1.36,0.0,0,0.538,0.454,-0.354,0.408,0.069,0.0,0.0,0.0,0.0,0.0,0.0,0.0,0.0,0.0,0.0,0.0,0.0,0.0,0.0,0.0,0.0,0.0
35,1.4,0.0,0,0.538,0.454,-0.354,0.408,0.069,0.0,0.0,0.0,0.0,0.0,0.0,0.0,0.0,0.0,0.0,0.0,0.0,0.0,0.0,0.0,0.0,0.0
36,1.44,0.0,0,0.538,0.454,-0.354,0.408,0.069,0.0,0.0,0.0,0.0,0.0,0.0,0.0,0.0,0.0,0.0,0.0,0.0,0.0,0.0,0.0,0.0,0.0
37,1.48,0.0,0,0.538,0.454,-0.354,0.408,0.069,0.0,0.0,0.0,0.0,0.0,0.0,0.0,0.0,0.0,0.0,0.0,0.0,0.0,0.0,0.0,0.0,0.0
38,1.52,0.0,0,0.538,0.454,-0.354,0.408,0.069,0.0,0.0,0.0,0.0,0.0,0.0,0.0,0.0,0.0,0.0,0.0,0.0,0.0,0.0,0.0,0.0,0.0
39,1.56,0.0,0,0.538,0.454,-0.354,0.408,0.069,0.0,0.0,0.0,0.0,0.0,0.0,0.0,0.0,0.0,0.0,0.0,0.0,0.0,0.0,0.0,0.0,0.0
40,1.6,0.0,0,0.538,0.454,-0.354,0.408,0.069,0.0,0.0,0.0,0.0,0.0,0.0,0.0,0.0,0.0,0.0,0.0,0.0,0.0,0.0,0.0,0.0,0.0
41,1.64,0.0,0,0.538,0.454,-0.354,0.408,0.069,0.0,0.0,0.0,0.0,0.0,0.0,0.0,0.0,0.0,0.0,0.0,0.0,0.0,0.0,0.0,0.0,0.0
42,1.68,0.0,0,0.538,0.454,-0.354,0.408,0.069,0.0,0.0,0.0,0.0,0.0,0.0,0.0,0.0,0.0,0.0,0.0,0.0,0.0,0.0,0.0,0.0,0.0
43,1.72,0.0,0,0.538,0.454,-0.354,0.408,0.069,0.0,0.0,0.0,0.0,0.0,0.0,0.0,0.0,0.0,0.0,0.0,0.0,0.0,0.0,0.0,0.0,0.0
44,1.76,0.0,0,0.538,0.454,-0.354,0.408,0.069,0.0,0.0,0.0,0.0,0.0,0.0,0.0,0.0,0.0,0.0,0.0,0.0,0.0,0.0,0.0,0.0,0.0
45,1.8,0.0,0,0.538,0.454,-0.354,0.408,0.069,0.0,0.0,0.0,0.0,0.0,0.0,0.0,0.0,0.0,0.0,0.0,0.0,0.0,0.0,0.0,0.0,0.0
46,1.84,0.0,0,0.538,0.454,-0.354,0.408,0.069,0.0,0.0,0.0,0.0,0.0,0.0,0.0,0.0,0.0,0.0,0.0,0.0,0.0,0.0,0.0,0.0,0.0
47,1.88,0.0,0,0.538,0.454,-0.354,0.408,0.069,0.0,0.0,0.0,0.0,0.0,0.0,0.0,0.0,0.0,0.0,0.0,0.0,0.0,0.0,0.0,0.0,0.0
48,1.92,0.0,0,0.538,0.454,-0.354,0.408,0.069,0.0,0.0,0.0,0.0,0.0,0.0,0.0,0.0,0.0,0.0,0.0,0.0,0.0,0.0,0.0,0.0,0.0
49,1.96,0.0,0,0.538,0.454,-0.354,0.408,0.069,0.0,0.0,0.0,0.0,0.0,0.0,0.0,0.0,0.0,0.0,0.0,0.0,0.0,0.0,0.0,0.0,0.0
50,2.0,0.0,0,0.538,0.454,-0.354,0.408,0.069,0.0,0.0,0.0,0.0,0.0,0.0,0.0,0.0,0.0,0.0,0.0,0.0,0.0,0.0,0.0,0.0,0.0
51,2.04,0.0,0,0.538,0.454,-0.354,0.408,0.069,0.0,0.0,0.0,0.0,0.0,0.0,0.0,0.0,0.0,0.0,0.0,0.0,0.0,0.0,0.0,0.0,0.0
52,2.08,0.0,0,0.538,0.454,-0.354,0.408,0.069,0.0,0.0,0.0,0.0,0.0,0.0,0.0,0.0,0.0,0.0,0.0,0.0,0.0,0.0,0.0,0.0,0.0
53,2.12,0.0,0,0.538,0.454,-0.354,0.408,0.069,0.0,0.0,0.0,0.0,0.0,0.0,0.0,0.0,0.0,0.0,0.0,0.0,0.0,0.0,0.0,0.0,0.0
54,2.16,0.0,0,0.538,0.454,-0.354,0.408,0.069,0.0,0.0,0.0,0.0,0.0,0.0,0.0,0.0,0.0,0.0,0.0,0.0,0.0,0.0,0.0,0.0,0.0
55,2.2,0.0,0,0.538,0.454,-0.354,0.408,0.069,0.0,0.0,0.0,0.0,0.0,0.0,0.0,0.0,0.0,0.0,0.0,0.0,0.0,0.0,0.0,0.0,0.0
56,2.24,0.0,0,0.538,0.454,-0.354,0.408,0.069,0.0,0.0,0.0,0.0,0.0,0.0,0.0,0.0,0.0,0.0,0.0,0.0,0.0,0.0,0.0,0.0,0.0
57,2.28,0.0,0,0.538,0.454,-0.354,0.408,0.069,0.0,0.0,0.0,0.0,0.0,0.0,0.0,0.0,0.0,0.0,0.0,0.0,0.0,0.0,0.0,0.0,0.0
58,2.32,0.0,0,0.538,0.454,-0.354,0.408,0.069,0.0,0.0,0.0,0.0,0.0,0.0,0.0,0.0,0.0,0.0,0.0,0.0,0.0,0.0,0.0,0.0,0.0
59,2.36,0.0,0,0.538,0.454,-0.354,0.408,0.069,0.0,0.0,0.0,0.0,0.0,0.0,0.0,0.0,0.0,0.0,0.0,0.0,0.0,0.0,0.0,0.0,0.0
60,2.4,0.0,0,0.538,0.454,-0.354,0.408,0.069,0.0,0.0,0.0,0.0,0.0,0.0,0.0,0.0,0.0,0.0,0.0,0.0,0.0,0.0,0.0,0.0,0.0
61,2.44,0.0,0,0.538,0.454,-0.354,0.408,0.069,0.0,0.0,0.0,0.0,0.0,0.0,0.0,0.0,0.0,0.0,0.0,0.0,0.0,0.0,0.0,0.0,0.0
62,2.48,0.0,0,0.538,0.454,-0.354,0.408,0.069,0.0,0.0,0.0,0.0,0.0,0.0,0.0,0.0,0.0,0.0,0.0,0.0,0.0,0.0,0.0,0.0,0.0
63,2.52,0.0,0,0.538,0.454,-0.354,0.408,0.069,0.0,0.0,0.0,0.0,0.0,0.0,0.0,0.0,0.0,0.0,0.0,0.0,0.0,0.0,0.0,0.0,0.0
64,2.56,0.0,0,0.538,0.454,-0.354,0.408,0.069,0.0,0.0,0.0,0.0,0.0,0.0,0.0,0.0,0.0,0.0,0.0,0.0,0.0,0.0,0.0,0.0,0.0
65,2.6,0.0,0,0.538,0.454,-0.354,0.408,0.069,0.0,0.0,0.0,0.0,0.0,0.0,0.0,0.0,0.0,0.0,0.0,0.0,0.0,0.0,0.0,0.0,0.0
66,2.64,0.0,0,0.538,0.454,-0.354,0.408,0.069,0.0,0.0,0.0,0.0,0.0,0.0,0.0,0.0,0.0,0.0,0.0,0.0,0.0,0.0,0.0,0.0,0.0
67,2.68,0.0,0,0.538,0.454,-0.354,0.408,0.069,0.0,0.0,0.0,0.0,0.0,0.0,0.0,0.0,0.0,0.0,0.0,0.0,0.0,0.0,0.0,0.0,0.0
68,2.72,0.0,0,0.538,0.454,-0.354,0.408,0.069,0.0,0.0,0.0,0.0,0.0,0.0,0.0,0.0,0.0,0.0,0.0,0.0,0.0,0.0,0.0,0.0,0.0
69,2.76,0.0,0,0.538,0.454,-0.354,0.408,0.069,0.0,0.0,0.0,0.0,0.0,0.0,0.0,0.0,0.0,0.0,0.0,0.0,0.0,0.0,0.0,0.0,0.0
70,2.8,0.0,0,0.538,0.454,-0.354,0.408,0.069,0.0,0.0,0.0,0.0,0.0,0.0,0.0,0.0,0.0,0.0,0.0,0.0,0.0,0.0,0.0,0.0,0.0
71,2.84,0.0,0,0.538,0.454,-0.354,0.408,0.069,0.0,0.0,0.0,0.0,0.0,0.0,0.0,0.0,0.0,0.0,0.0,0.0,0.0,0.0,0.0,0.0,0.0
72,2.88,0.0,0,0.538,0.454,-0.354,0.408,0.069,0.0,0.0,0.0,0.0,0.0,0.0,0.0,0.0,0.0,0.0,0.0,0.0,0.0,0.0,0.0,0.0,0.0
73,2.92,0.0,0,0.538,0.454,-0.354,0.408,0.069,0.0,0.0,0.0,0.0,0.0,0.0,0.0,0.0,0.0,0.0,0.0,0.0,0.0,0.0,0.0,0.0,0.0
74,2.96,0.0,0,0.538,0.454,-0.354,0.408,0.069,0.0,0.0,0.0,0.0,0.0,0.0,0.0,0.0,0.0,0.0,0.0,0.0,0.0,0.0,0.0,0.0,0.0
75,3.0,0.0,0,0.538,0.454,-0.354,0.408,0.069,0.0,0.0,0.0,0.0,0.0,0.0,0.0,0.0,0.0,0.0,0.0,0.0,0.0,0.0,0.0,0.0,0.0
76,3.04,0.0,0,0.538,0.454,-0.354,0.408,0.069,0.0,0.0,0.0,0.0,0.0,0.0,0.0,0.0,0.0,0.0,0.0,0.0,0.0,0.0,0.0,0.0,0.0
77,3.08,0.0,0,0.538,0.454,-0.354,0.408,0.069,0.0,0.0,0.0,0.0,0.0,0.0,0.0,0.0,0.0,0.0,0.0,0.0,0.0,0.0,0.0,0.0,0.0
78,3.12,0.0,0,0.538,0.454,-0.354,0.408,0.069,0.0,0.0,0.0,0.0,0.0,0.0,0.0,0.0,0.0,0.0,0.0,0.0,0.0,0.0,0.0,0.0,0.0
79,3.16,0.0,0,0.538,0.454,-0.354,0.408,0.069,0.0,0.0,0.0,0.0,0.0,0.0,0.0,0.0,0.0,0.0,0.0,0.0,0.0,0.0,0.0,0.0,0.0
80,3.2,0.0,0,0.538,0.454,-0.354,0.408,0.069,0.0,0.0,0.0,0.0,0.0,0.0,0.0,0.0,0.0,0.0,0.0,0.0,0.0,0.0,0.0,0.0,0.0
81,3.24,0.0,0,0.538,0.454,-0.354,0.408,0.069,0.0,0.0,0.0,0.0,0.0,0.0,0.0,0.0,0.0,0.0,0.0,0.0,0.0,0.0,0.0,0.0,0.0
82,3.28,0.0,0,0.538,0.454,-0.354,0.408,0.069,0.0,0.0,0.0,0.0,0.0,0.0,0.0,0.0,0.0,0.0,0.0,0.0,0.0,0.0,0.0,0.0,0.0
83,3.32,0.0,0,0.538,0.454,-0.354,0.408,0.069,0.0,0.0,0.0,0.0,0.0,0.0,0.0,0.0,0.0,0.0,0.0,0.0,0.0,0.0,0.0,0.0,0.0
84,3.36,0.0,0,0.538,0.454,-0.354,0.408,0.069,0.0,0.0,0.0,0.0,0.0,0.0,0.0,0.0,0.0,0.0,0.0,0.0,0.0,0.0,0.0,0.0,0.0
85,3.4,0.0,0,0.538,0.454,-0.354,0.408,0.069,0.0,0.0,0.0,0.0,0.0,0.0,0.0,0.0,0.0,0.0,0.0,0.0,0.0,0.0,0.0,0.0,0.0
86,3.44,0.0,0,0.538,0.454,-0.354,0.408,0.069,0.0,0.0,0.0,0.0,0.0,0.0,0.0,0.0,0.0,0.0,0.0,0.0,0.0,0.0,0.0,0.0,0.0
87,3.48,0.0,0,0.538,0.454,-0.354,0.408,0.069,0.0,0.0,0.0,0.0,0.0,0.0,0.0,0.0,0.0,0.0,0.0,0.0,0.0,0.0,0.0,0.0,0.0
88,3.52,0.0,0,0.538,0.454,-0.354,0.408,0.069,0.0,0.0,0.0,0.0,0.0,0.0,0.0,0.0,0.0,0.0,0.0,0.0,0.0,0.0,0.0,0.0,0.0
89,3.56,0.0,0,0.538,0.454,-0.354,0.408,0.069,0.0,0.0,0.0,0.0,0.0,0.0,0.0,0.0,0.0,0.0,0.0,0.0,0.0,0.0,0.0,0.0,0.0
90,3.6,0.0,0,0.538,0.454,-0.354,0.408,0.069,0.0,0.0,0.0,0.0,0.0,0.0,0.0,0.0,0.0,0.0,0.0,0.0,0.0,0.0,0.0,0.0,0.0
91,3.64,0.0,0,0.538,0.454,-0.354,0.408,0.069,0.0,0.0,0.0,0.0,0.0,0.0,0.0,0.0,0.0,0.0,0.0,0.0,0.0,0.0,0.0,0.0,0.0
92,3.68,0.0,0,0.538,0.454,-0.354,0.408,0.069,0.0,0.0,0.0,0.0,0.0,0.0,0.0,0.0,0.0,0.0,0.0,0.0,0.0,0.0,0.0,0.0,0.0
93,3.72,0.0,0,0.538,0.454,-0.354,0.408,0.069,0.0,0.0,0.0,0.0,0.0,0.0,0.0,0.0,0.0,0.0,0.0,0.0,0.0,0.0,0.0,0.0,0.0
94,3.76,0.0,0,0.538,0.454,-0.354,0.408,0.069,0.0,0.0,0.0,0.0,0.0,0.0,0.0,0.0,0.0,0.0,0.0,0.0,0.0,0.0,0.0,0.0,0.0
95,3.8,0.0,0,0.538,0.454,-0.354,0.408,0.069,0.0,0.0,0.0,0.0,0.0,0.0,0.0,0.0,0.0,0.0,0.0,0.0,0.0,0.0,0.0,0.0,0.0
96,3.84,0.0,0,0.538,0.454,-0.354,0.408,0.069,0.0,0.0,0.0,0.0,0.0,0.0,0.0,0.0,0.0,0.0,0.0,0.0,0.0,0.0,0.0,0.0,0.0
97,3.88,0.0,0,0.538,0.454,-0.354,0.408,0.069,0.0,0.0,0.0,0.0,0.0,0.0,0.0,0.0,0.0,0.0,0.0,0.0,0.0,0.0,0.0,0.0,0.0
98,3.92,0.0,0,0.538,0.454,-0.354,0.408,0.069,0.0,0.0,0.0,0.0,0.0,0.0,0.0,0.0,0.0,0.0,0.0,0.0,0.0,0.0,0.0,0.0,0.0
99,3.96,0.0,0,0.538,0.454,-0.354,0.408,0.069,0.0,0.0,0.0,0.0,0.0,0.0,0.0,0.0,0.0,0.0,0.0,0.0,0.0,0.0,0.0,0.0,0.0
100,4.0,0.0,0,0.538,0.454,-0.354,0.408,0.069,0.0,0.0,0.0,0.0,0.0,0.0,0.0,0.0,0.0,0.0,0.0,0.0,0.0,0.0,0.0,0.0,0.0
101,4.04,0.0,0,0.538,0.454,-0.354,0.408,0.069,0.0,0.0,0.0,0.0,0.0,0.0,0.0,0.0,0.0,0.0,0.0,0.0,0.0,0.0,0.0,0.0,0.0
102,4.08,0.0,0,0.538,0.454,-0.354,0.408,0.069,0.0,0.0,0.0,0.0,0.0,0.0,0.0,0.0,0.0,0.0,0.0,0.0,0.0,0.0,0.0,0.0,0.0
103,4.12,0.0,0,0.538,0.454,-0.354,0.408,0.069,0.0,0.0,0.0,0.0,0.0,0.0,0.0,0.0,0.0,0.0,0.0,0.0,0.0,0.0,0.0,0.0,0.0
104,4.16,0.0,0,0.538,0.454,-0.354,0.408,0.069,0.0,0.0,0.0,0.0,0.0,0.0,0.0,0.0,0.0,0.0,0.0,0.0,0.0,0.0,0.0,0.0,0.0
105,4.2,0.0,0,0.538,0.454,-0.354,0.408,0.069,0.0,0.0,0.0,0.0,0.0,0.0,0.0,0.0,0.0,0.0,0.0,0.0,0.0,0.0,0.0,0.0,0.0
106,4.24,0.0,0,0.538,0.454,-0.354,0.408,0.069,0.0,0.0,0.0,0.0,0.0,0.0,0.0,0.0,0.0,0.0,0.0,0.0,0.0,0.0,0.0,0.0,0.0
107,4.28,0.0,0,0.538,0.454,-0.354,0.408,0.069,0.0,0.0,0.0,0.0,0.0,0.0,0.0,0.0,0.0,0.0,0.0,0.0,0.0,0.0,0.0,0.0,0.0
108,4.32,0.0,0,0.538,0.454,-0.354,0.408,0.069,0.0,0.0,0.0,0.0,0.0,0.0,0.0,0.0,0.0,0.0,0.0,0.0,0.0,0.0,0.0,0.0,0.0
109,4.36,0.0,0,0.538,0.454,-0.354,0.408,0.069,0.0,0.0,0.0,0.0,0.0,0.0,0.0,0.0,0.0,0.0,0.0,0.0,0.0,0.0,0.0,0.0,0.0
110,4.4,0.0,0,0.538,0.454,-0.354,0.408,0.069,0.0,0.0,0.0,0.0,0.0,0.0,0.0,0.0,0.0,0.0,0.0,0.0,0.0,0.0,0.0,0.0,0.0
111,4.44,0.0,0,0.538,0.454,-0.354,0.408,0.069,0.0,0.0,0.0,0.0,0.0,0.0,0.0,0.0,0.0,0.0,0.0,0.0,0.0,0.0,0.0,0.0,0.0
112,4.48,0.0,0,0.538,0.454,-0.354,0.408,0.069,0.0,0.0,0.0,0.0,0.0,0.0,0.0,0.0,0.0,0.0,0.0,0.0,0.0,0.0,0.0,0.0,0.0
113,4.52,0.0,0,0.538,0.454,-0.354,0.408,0.069,0.0,0.0,0.0,0.0,0.0,0.0,0.0,0.0,0.0,0.0,0.0,0.0,0.0,0.0,0.0,0.0,0.0
114,4.56,0.0,0,0.538,0.454,-0.354,0.408,0.069,0.0,0.0,0.0,0.0,0.0,0.0,0.0,0.0,0.0,0.0,0.0,0.0,0.0,0.0,0.0,0.0,0.0
115,4.6,0.0,0,0.538,0.454,-0.354,0.408,0.069,0.0,0.0,0.0,0.0,0.0,0.0,0.0,0.0,0.0,0.0,0.0,0.0,0.0,0.0,0.0,0.0,0.0
116,4.64,0.0,0,0.538,0.454,-0.354,0.408,0.069,0.0,0.0,0.0,0.0,0.0,0.0,0.0,0.0,0.0,0.0,0.0,0.0,0.0,0.0,0.0,0.0,0.0
117,4.68,0.0,0,0.538,0.454,-0.354,0.408,0.069,0.0,0.0,0.0,0.0,0.0,0.0,0.0,0.0,0.0,0.0,0.0,0.0,0.0,0.0,0.0,0.0,0.0
118,4.72,0.0,0,0.538,0.454,-0.354,0.408,0.069,0.0,0.0,0.0,0.0,0.0,0.0,0.0,0.0,0.0,0.0,0.0,0.0,0.0,0.0,0.0,0.0,0.0
119,4.76,0.0,0,0.538,0.454,-0.354,0.408,0.069,0.0,0.0,0.0,0.0,0.0,0.0,0.0,0.0,0.0,0.0,0.0,0.0,0.0,0.0,0.0,0.0,0.0
120,4.8,0.0,0,0.538,0.454,-0.354,0.408,0.069,0.0,0.0,0.0,0.0,0.0,0.0,0.0,0.0,0.0,0.0,0.0,0.0,0.0,0.0,0.0,0.0,0.0
121,4.84,0.0,0,0.538,0.454,-0.354,0.408,0.069,0.0,0.0,0.0,0.0,0.0,0.0,0.0,0.0,0.0,0.0,0.0,0.0,0.0,0.0,0.0,0.0,0.0
122,4.88,0.0,0,0.538,0.454,-0.354,0.408,0.069,0.0,0.0,0.0,0.0,0.0,0.0,0.0,0.0,0.0,0.0,0.0,0.0,0.0,0.0,0.0,0.0,0.0
123,4.92,0.0,0,0.538,0.454,-0.354,0.408,0.069,0.0,0.0,0.0,0.0,0.0,0.0,0.0,0.0,0.0,0.0,0.0,0.0,0.0,0.0,0.0,0.0,0.0
124,4.96,0.0,0,0.538,0.454,-0.354,0.408,0.069,0.0,0.0,0.0,0.0,0.0,0.0,0.0,0.0,0.0,0.0,0.0,0.0,0.0,0.0,0.0,0.0,0.0
125,5.0,0.0,0,0.538,0.454,-0.354,0.408,0.069,0.0,0.0,0.0,0.0,0.0,0.0,0.0,0.0,0.0,0.0,0.0,0.0,0.0,0.0,0.0,0.0,0.0
126,5.04,0.0,0,0.538,0.454,-0.354,0.408,0.069,0.0,0.0,0.0,0.0,0.0,0.0,0.0,0.0,0.0,0.0,0.0,0.0,0.0,0.0,0.0,0.0,0.0
127,5.08,0.0,0,0.538,0.454,-0.354,0.408,0.069,0.0,0.0,0.0,0.0,0.0,0.0,0.0,0.0,0.0,0.0,0.0,0.0,0.0,0.0,0.0,0.0,0.0
128,5.12,0.0,0,0.538,0.454,-0.354,0.408,0.069,0.0,0.0,0.0,0.0,0.0,0.0,0.0,0.0,0.0,0.0,0.0,0.0,0.0,0.0,0.0,0.0,0.0
129,5.16,0.0,0,0.538,0.454,-0.354,0.408,0.069,0.0,0.0,0.0,0.0,0.0,0.0,0.0,0.0,0.0,0.0,0.0,0.0,0.0,0.0,0.0,0.0,0.0
130,5.2,0.0,0,0.538,0.454,-0.354,0.408,0.069,0.0,0.0,0.0,0.0,0.0,0.0,0.0,0.0,0.0,0.0,0.0,0.0,0.0,0.0,0.0,0.0,0.0
131,5.24,0.0,0,0.538,0.454,-0.354,0.408,0.069,0.0,0.0,0.0,0.0,0.0,0.0,0.0,0.0,0.0,0.0,0.0,0.0,0.0,0.0,0.0,0.0,0.0
132,5.28,0.0,0,0.538,0.454,-0.354,0.408,0.069,0.0,0.0,0.0,0.0,0.0,0.0,0.0,0.0,0.0,0.0,0.0,0.0,0.0,0.0,0.0,0.0,0.0
133,5.32,0.0,0,0.538,0.454,-0.354,0.408,0.069,0.0,0.0,0.0,0.0,0.0,0.0,0.0,0.0,0.0,0.0,0.0,0.0,0.0,0.0,0.0,0.0,0.0
134,5.36,0.0,0,0.538,0.454,-0.354,0.408,0.069,0.0,0.0,0.0,0.0,0.0,0.0,0.0,0.0,0.0,0.0,0.0,0.0,0.0,0.0,0.0,0.0,0.0
135,5.4,0.0,0,0.538,0.454,-0.354,0.408,0.069,0.0,0.0,0.0,0.0,0.0,0.0,0.0,0.0,0.0,0.0,0.0,0.0,0.0,0.0,0.0,0.0,0.0
136,5.44,0.0,0,0.538,0.454,-0.354,0.408,0.069,0.0,0.0,0.0,0.0,0.0,0.0,0.0,0.0,0.0,0.0,0.0,0.0,0.0,0.0,0.0,0.0,0.0
137,5.48,0.0,0,0.538,0.454,-0.354,0.408,0.069,0.0,0.0,0.0,0.0,0.0,0.0,0.0,0.0,0.0,0.0,0.0,0.0,0.0,0.0,0.0,0.0,0.0
138,5.52,0.0,0,0.538,0.454,-0.354,0.408,0.069,0.0,0.0,0.0,0.0,0.0,0.0,0.0,0.0,0.0,0.0,0.0,0.0,0.0,0.0,0.0,0.0,0.0
139,5.56,0.0,0,0.538,0.454,-0.354,0.408,0.069,0.0,0.0,0.0,0.0,0.0,0.0,0.0,0.0,0.0,0.0,0.0,0.0,0.0,0.0,0.0,0.0,0.0
140,5.6,0.0,0,0.538,0.454,-0.354,0.408,0.069,0.0,0.0,0.0,0.0,0.0,0.0,0.0,0.0,0.0,0.0,0.0,0.0,0.0,0.0,0.0,0.0,0.0
141,5.64,0.0,0,0.538,0.454,-0.354,0.408,0.069,0.0,0.0,0.0,0.0,0.0,0.0,0.0,0.0,0.0,0.0,0.0,0.0,0.0,0.0,0.0,0.0,0.0
142,5.68,0.0,0,0.538,0.454,-0.354,0.408,0.069,0.0,0.0,0.0,0.0,0.0,0.0,0.0,0.0,0.0,0.0,0.0,0.0,0.0,0.0,0.0,0.0,0.0
143,5.72,0.0,0,0.538,0.454,-0.354,0.408,0.069,0.0,0.0,0.0,0.0,0.0,0.0,0.0,0.0,0.0,0.0,0.0,0.0,0.0,0.0,0.0,0.0,0.0
144,5.76,0.0,0,0.538,0.454,-0.354,0.408,0.069,0.0,0.0,0.0,0.0,0.0,0.0,0.0,0.0,0.0,0.0,0.0,0.0,0.0,0.0,0.0,0.0,0.0
145,5.8,0.0,0,0.538,0.454,-0.354,0.408,0.069,0.0,0.0,0.0,0.0,0.0,0.0,0.0,0.0,0.0,0.0,0.0,0.0,0.0,0.0,0.0,0.0,0.0
146,5.84,0.0,0,0.538,0.454,-0.354,0.408,0.069,0.0,0.0,0.0,0.0,0.0,0.0,0.0,0.0,0.0,0.0,0.0,0.0,0.0,0.0,0.0,0.0,0.0
147,5.88,0.0,0,0.538,0.454,-0.354,0.408,0.069,0.0,0.0,0.0,0.0,0.0,0.0,0.0,0.0,0.0,0.0,0.0,0.0,0.0,0.0,0.0,0.0,0.0
148,5.92,0.0,0,0.538,0.454,-0.354,0.408,0.069,0.0,0.0,0.0,0.0,0.0,0.0,0.0,0.0,0.0,0.0,0.0,0.0,0.0,0.0,0.0,0.0,0.0
149,5.96,0.0,0,0.538,0.454,-0.354,0.408,0.069,0.0,0.0,0.0,0.0,0.0,0.0,0.0,0.0,0.0,0.0,0.0,0.0,0.0,0.0,0.0,0.0,0.0
150,6.0,0.0,0,0.538,0.454,-0.354,0.408,0.069,0.0,0.0,0.0,0.0,0.0,0.0,0.0,0.0,0.0,0.0,0.0,0.0,0.0,0.0,0.0,0.0,0.0
151,6.04,0.0,0,0.538,0.454,-0.354,0.408,0.069,0.0,0.0,0.0,0.0,0.0,0.0,0.0,0.0,0.0,0.0,0.0,0.0,0.0,0.0,0.0,0.0,0.0
152,6.08,0.0,0,0.538,0.454,-0.354,0.408,0.069,0.0,0.0,0.0,0.0,0.0,0.0,0.0,0.0,0.0,0.0,0.0,0.0,0.0,0.0,0.0,0.0,0.0
153,6.12,0.0,0,0.538,0.454,-0.354,0.408,0.069,0.0,0.0,0.0,0.0,0.0,0.0,0.0,0.0,0.0,0.0,0.0,0.0,0.0,0.0,0.0,0.0,0.0
154,6.16,0.0,0,0.538,0.454,-0.354,0.408,0.069,0.0,0.0,0.0,0.0,0.0,0.0,0.0,0.0,0.0,0.0,0.0,0.0,0.0,0.0,0.0,0.0,0.0
155,6.2,0.0,0,0.538,0.454,-0.354,0.408,0.069,0.0,0.0,0.0,0.0,0.0,0.0,0.0,0.0,0.0,0.0,0.0,0.0,0.0,0.0,0.0,0.0,0.0
156,6.24,0.0,0,0.538,0.454,-0.354,0.408,0.069,0.0,0.0,0.0,0.0,0.0,0.0,0.0,0.0,0.0,0.0,0.0,0.0,0.0,0.0,0.0,0.0,0.0
157,6.28,0.0,0,0.538,0.454,-0.354,0.408,0.069,0.0,0.0,0.0,0.0,0.0,0.0,0.0,0.0,0.0,0.0,0.0,0.0,0.0,0.0,0.0,0.0,0.0
158,6.32,0.0,0,0.538,0.454,-0.354,0.408,0.069,0.0,0.0,0.0,0.0,0.0,0.0,0.0,0.0,0.0,0.0,0.0,0.0,0.0,0.0,0.0,0.0,0.0
159,6.36,0.0,0,0.538,0.454,-0.354,0.408,0.069,0.0,0.0,0.0,0.0,0.0,0.0,0.0,0.0,0.0,0.0,0.0,0.0,0.0,0.0,0.0,0.0,0.0
160,6.4,0.0,0,0.538,0.454,-0.354,0.408,0.069,0.0,0.0,0.0,0.0,0.0,0.0,0.0,0.0,0.0,0.0,0.0,0.0,0.0,0.0,0.0,0.0,0.0
161,6.44,0.0,0,0.538,0.454,-0.354,0.408,0.069,0.0,0.0,0.0,0.0,0.0,0.0,0.0,0.0,0.0,0.0,0.0,0.0,0.0,0.0,0.0,0.0,0.0
162,6.48,0.0,0,0.538,0.454,-0.354,0.408,0.069,0.0,0.0,0.0,0.0,0.0,0.0,0.0,0.0,0.0,0.0,0.0,0.0,0.0,0.0,0.0,0.0,0.0
163,6.52,0.0,0,0.538,0.454,-0.354,0.408,0.069,0.0,0.0,0.0,0.0,0.0,0.0,0.0,0.0,0.0,0.0,0.0,0.0,0.0,0.0,0.0,0.0,0.0
164,6.56,0.0,0,0.538,0.454,-0.354,0.408,0.069,0.0,0.0,0.0,0.0,0.0,0.0,0.0,0.0,0.0,0.0,0.0,0.0,0.0,0.0,0.0,0.0,0.0
165,6.6,0.0,0,0.538,0.454,-0.354,0.408,0.069,0.0,0.0,0.0,0.0,0.0,0.0,0.0,0.0,0.0,0.0,0.0,0.0,0.0,0.0,0.0,0.0,0.0
166,6.64,0.0,0,0.538,0.454,-0.354,0.408,0.069,0.0,0.0,0.0,0.0,0.0,0.0,0.0,0.0,0.0,0.0,0.0,0.0,0.0,0.0,0.0,0.0,0.0
167,6.68,0.0,0,0.538,0.454,-0.354,0.408,0.069,0.0,0.0,0.0,0.0,0.0,0.0,0.0,0.0,0.0,0.0,0.0,0.0,0.0,0.0,0.0,0.0,0.0
168,6.72,0.0,0,0.538,0.454,-0.354,0.408,0.069,0.0,0.0,0.0,0.0,0.0,0.0,0.0,0.0,0.0,0.0,0.0,0.0,0.0,0.0,0.0,0.0,0.0
169,6.76,0.0,0,0.538,0.454,-0.354,0.408,0.069,0.0,0.0,0.0,0.0,0.0,0.0,0.0,0.0,0.0,0.0,0.0,0.0,0.0,0.0,0.0,0.0,0.0
170,6.8,0.0,0,0.538,0.454,-0.354,0.408,0.069,0.0,0.0,0.0,0.0,0.0,0.0,0.0,0.0,0.0,0.0,0.0,0.0,0.0,0.0,0.0,0.0,0.0
171,6.84,0.0,0,0.538,0.454,-0.354,0.408,0.069,0.0,0.0,0.0,0.0,0.0,0.0,0.0,0.0,0.0,0.0,0.0,0.0,0.0,0.0,0.0,0.0,0.0
172,6.88,0.0,0,0.538,0.454,-0.354,0.408,0.069,0.0,0.0,0.0,0.0,0.0,0.0,0.0,0.0,0.0,0.0,0.0,0.0,0.0,0.0,0.0,0.0,0.0
173,6.92,0.0,0,0.538,0.454,-0.354,0.408,0.069,0.0,0.0,0.0,0.0,0.0,0.0,0.0,0.0,0.0,0.0,0.0,0.0,0.0,0.0,0.0,0.0,0.0
174,6.96,0.0,0,0.538,0.454,-0.354,0.408,0.069,0.0,0.0,0.0,0.0,0.0,0.0,0.0,0.0,0.0,0.0,0.0,0.0,0.0,0.0,0.0,0.0,0.0
175,7.0,0.0,0,0.538,0.454,-0.354,0.408,0.069,0.0,0.0,0.0,0.0,0.0,0.0,0.0,0.0,0.0,0.0,0.0,0.0,0.0,0.0,0.0,0.0,0.0
176,7.04,0.0,0,0.538,0.454,-0.354,0.408,0.069,0.0,0.0,0.0,0.0,0.0,0.0,0.0,0.0,0.0,0.0,0.0,0.0,0.0,0.0,0.0,0.0,0.0
177,7.08,0.0,0,0.538,0.454,-0.354,0.408,0.069,0.0,0.0,0.0,0.0,0.0,0.0,0.0,0.0,0.0,0.0,0.0,0.0,0.0,0.0,0.0,0.0,0.0
178,7.12,0.0,0,0.538,0.454,-0.354,0.408,0.069,0.0,0.0,0.0,0.0,0.0,0.0,0.0,0.0,0.0,0.0,0.0,0.0,0.0,0.0,0.0,0.0,0.0
179,7.16,0.0,0,0.538,0.454,-0.354,0.408,0.069,0.0,0.0,0.0,0.044,0.028000000000000004,0.022,0.0,0.036,0.018,0.0,0.0,0.0,0.041999999999999996,0.028000000000000004,0.16,0.008,0.0
180,7.2,0.03,1,0.06,0.014,-0.133,0.025,-0.015,0.0,0.0,0.0,0.044,0.028000000000000004,0.022,0.0,0.036,0.018,0.0,0.0,0.0,0.041999999999999996,0.028000000000000004,0.16,0.008,0.0
181,7.24,0.03,0,0.02,0.518,-0.135,0.02,-0.003,0.0,0.0,0.0,0.044,0.028000000000000004,0.022,0.0,0.036,0.018,0.0,0.0,0.0,0.041999999999999996,0.028000000000000004,0.16,0.008,0.0
182,7.28,0.03,0,0.02,-0.081,-0.142,0.021,0.006,0.0,0.0,0.0,0.0,0.0,0.0,0.0,0.0,0.0,0.0,0.0,0.0,0.0,0.0,0.0,0.0,0.0
183,7.32,0.03,0,0.015,0.775,-0.156,0.011,0.006,0.0,0.0,0.0,0.0,0.0,0.0,0.0,0.0,0.0,0.0,0.0,0.0,0.0,0.0,0.0,0.0,0.0
184,7.36,0.03,0,0.027,-0.146,-0.159,0.01,0.009,0.0,0.0,0.0,0.0,0.0,0.0,0.0,0.0,0.0,0.0,0.0,0.0,0.0,0.0,0.0,0.0,0.0
185,7.4,0.03,0,-0.074,0.694,-0.171,0.002,0.009,0.0,0.0,0.0,0.0,0.0,0.0,0.0,0.0,0.0,0.0,0.0,0.0,0.0,0.0,0.0,0.0,0.0
186,7.44,0.03,0,0.035,-0.179,-0.174,0.004,0.009,0.0,0.0,0.0,0.0,0.0,0.0,0.0,0.0,0.0,0.0,0.0,0.0,0.0,0.0,0.0,0.0,0.0
187,7.48,0.03,0,-0.012,0.392,-0.181,-0.007,0.005,0.0,0.0,0.0,0.0,0.0,0.0,0.0,0.0,0.0,0.0,0.0,0.0,0.0,0.0,0.0,0.0,0.0
188,7.52,0.03,0,0.005,-0.152,-0.175,0.007,0.012,0.0,0.0,0.0,0.0,0.0,0.0,0.0,0.0,0.0,0.0,0.0,0.0,0.0,0.0,0.0,0.0,0.0
189,7.56,0.03,0,-0.026,0.342,-0.18,0.015,0.009,0.0,0.0,0.0,0.0,0.0,0.0,0.0,0.0,0.0,0.0,0.0,0.0,0.0,0.0,0.0,0.0,0.0
190,7.6,0.03,0,0.0,0.054,-0.18,0.046,0.011,0.0,0.0,0.0,0.0,0.0,0.0,0.0,0.0,0.0,0.0,0.0,0.0,0.0,0.0,0.0,0.0,0.0
191,7.64,0.03,0,-0.02,0.422,-0.189,0.04,0.01,0.0,0.0,0.0,0.0,0.0,0.0,0.0,0.0,0.0,0.0,0.0,0.0,0.0,0.0,0.0,0.0,0.0
192,7.68,0.03,0,-0.026,0.086,-0.217,0.018,-0.008,0.0,0.0,0.0,0.0,0.0,0.0,0.0,0.0,0.0,0.0,0.0,0.0,0.0,0.0,0.0,0.0,0.0
193,7.72,0.03,0,-0.033,0.256,-0.202,0.029,-0.006,0.0,0.0,0.0,0.0,0.0,0.0,0.0,0.0,0.0,0.0,0.0,0.0,0.0,0.0,0.0,0.0,0.0
194,7.76,0.03,0,-0.029,0.097,-0.201,0.033,0.001,0.0,0.0,0.0,0.0,0.0,0.0,0.0,0.0,0.0,0.0,0.0,0.0,0.0,0.0,0.0,0.0,0.0
195,7.8,0.03,0,-0.033,0.132,-0.208,0.035,0.006,0.0,0.0,0.0,0.0,0.0,0.0,0.0,0.0,0.0,0.0,0.0,0.0,0.0,0.0,0.0,0.0,0.0
196,7.84,0.03,0,-0.033,0.071,-0.203,0.03,0.004,0.0,0.0,0.0,0.0,0.0,0.0,0.0,0.0,0.0,0.0,0.0,0.0,0.0,0.0,0.0,0.0,0.0
197,7.88,0.03,0,-0.009,0.071,-0.209,0.032,0.003,0.0,0.0,0.0,0.0,0.0,0.0,0.0,0.0,0.0,0.0,0.0,0.0,0.0,0.0,0.0,0.0,0.0
198,7.92,0.03,0,-0.014,0.064,-0.214,0.03,0.001,0.0,0.0,0.0,0.0,0.0,0.0,0.0,0.0,0.0,0.0,0.0,0.0,0.0,0.0,0.0,0.0,0.0
199,7.96,0.03,0,-0.003,0.078,-0.205,0.032,0.005,0.0,0.0,0.0,0.0,0.0,0.0,0.0,0.0,0.0,0.0,0.0,0.0,0.0,0.0,0.0,0.0,0.0
200,8.0,0.03,0,0.002,0.052,-0.209,0.025,0.009,0.0,0.0,0.0,0.0,0.0,0.0,0.0,0.0,0.0,0.0,0.0,0.0,0.0,0.0,0.0,0.0,0.0
201,8.04,0.03,0,0.011,0.098,-0.196,0.031,0.009,0.0,0.0,0.0,0.0,0.0,0.0,0.0,0.0,0.0,0.0,0.0,0.0,0.0,0.0,0.0,0.0,0.0
202,8.08,0.03,0,0.017,0.071,-0.199,0.025,0.008,0.0,0.0,0.0,0.0,0.0,0.0,0.0,0.0,0.0,0.0,0.0,0.0,0.0,0.0,0.0,0.0,0.0
203,8.12,0.03,0,0.023,0.078,-0.203,0.026,0.008,0.0,0.0,0.0,0.0,0.0,0.0,0.0,0.0,0.0,0.0,0.0,0.0,0.0,0.0,0.0,0.0,0.0
204,8.16,0.03,0,0.026,0.077,-0.197,0.024,0.01,0.0,0.0,0.0,0.0,0.0,0.0,0.0,0.0,0.0,0.0,0.0,0.0,0.0,0.0,0.0,0.0,0.0
205,8.2,0.03,0,0.015,0.069,-0.191,0.024,0.01,0.0,0.0,0.0,0.0,0.0,0.0,0.0,0.0,0.0,0.0,0.0,0.0,0.0,0.0,0.0,0.0,0.0
206,8.24,0.73,0,0.018,0.074,-0.177,0.015,0.018,0.0,0.0,0.002,0.0,0.012,0.08399999999999999,0.041999999999999996,0.012,0.0,0.0,0.0,0.0,0.034,0.028000000000000004,0.09,0.05600000000000001,0.0
207,8.28,0.82,1,0.016,0.053,-0.195,0.013,0.012,0.0,0.0,0.034,0.0,0.028000000000000004,0.174,0.074,0.012,0.0,0.0,0.0,0.012,0.062,0.08,0.174,0.088,0.0
208,8.32,0.88,1,0.011,0.047,-0.218,0.013,0.01,0.0,0.0,0.06999999999999999,0.0,0.044,0.27599999999999997,0.11000000000000001,0.02,0.0,0.0,0.0,0.03,0.08199999999999999,0.126,0.26,0.128,0.0
209,8.36,0.88,1,-0.0,0.036,-0.236,0.016,0.015,0.0,0.0,0.088,0.006,0.044,0.27799999999999997,0.1,0.014000000000000002,0.0,0.0,0.0,0.03,0.05,0.142,0.248,0.086,0.0
210,8.4,0.88,1,0.002,0.017,-0.255,0.019,0.016,0.0,0.0,0.066,0.022,0.034,0.26,0.08199999999999999,0.026000000000000002,0.0,0.0,0.0,0.018,0.022,0.132,0.25,0.092,0.0
211,8.44,0.88,1,0.006,-0.009,-0.269,0.015,0.012,0.0,0.0,0.028000000000000004,0.046,0.026000000000000002,0.23199999999999998,0.064,0.048,0.0,0.0,0.0,0.0,0.0,0.13,0.25,0.078,0.0
212,8.48,0.93,1,0.014,-0.026,-0.276,0.015,0.007,0.0,0.0,0.008,0.06,0.03,0.246,0.04,0.074,0.0,0.0,0.0,0.0,0.0,0.12,0.262,0.098,0.0
213,8.52,0.93,1,0.021,-0.033,-0.28,0.017,0.005,0.0,0.0,0.0,0.054000000000000006,0.041999999999999996,0.242,0.03,0.11000000000000001,0.0,0.0,0.0,0.0,0.008,0.08199999999999999,0.272,0.08,0.0
214,8.56,0.93,1,0.013,-0.032,-0.27,0.009,0.011,0.0,0.0,0.01,0.032,0.06,0.252,0.032,0.134,0.0,0.0,0.0,0.0,0.008,0.038,0.29,0.076,0.0
215,8.6,0.93,1,0.01,-0.032,-0.271,0.014,0.009,0.0,0.0,0.022,0.012,0.072,0.242,0.036,0.158,0.008,0.0,0.0,0.0,0.008,0.008,0.29,0.062,0.0
216,8.64,0.98,1,0.017,-0.036,-0.274,0.014,0.008,0.0,0.0,0.022,0.0,0.08,0.27,0.038,0.16999999999999998,0.018,0.0,0.0,0.0,0.0,0.018,0.27,0.041999999999999996,0.0
217,8.68,0.98,1,0.029,-0.03,-0.266,0.014,0.003,0.0,0.0,0.012,0.0,0.08199999999999999,0.304,0.03,0.174,0.022,0.0,0.0,0.012,0.0,0.034,0.23399999999999999,0.041999999999999996,0.0
218,8.72,0.98,1,0.044,-0.032,-0.256,0.014,0.002,0.0,0.0,0.0,0.01,0.06999999999999999,0.322,0.022,0.182,0.016,0.0,0.0,0.038,0.0,0.05,0.194,0.038,0.0
219,8.76,0.98,1,0.015,-0.028,-0.264,0.021,0.003,0.0,0.0,0.0,0.012,0.064,0.348,0.02,0.2,0.014000000000000002,0.0,0.006,0.066,0.0,0.05600000000000001,0.18,0.066,0.0
220,8.8,0.98,1,0.019,-0.022,-0.269,0.019,0.009,0.0,0.0,0.0,0.012,0.054000000000000006,0.35,0.018,0.22599999999999998,0.01,0.0,0.006,0.098,0.0,0.06,0.13799999999999998,0.054000000000000006,0.0
221,8.84,0.98,1,0.032,-0.025,-0.27,0.013,0.01,0.0,0.0,0.0,0.002,0.064,0.362,0.02,0.24,0.01,0.0,0.008,0.132,0.0,0.066,0.10400000000000001,0.046,0.0
222,8.88,0.98,1,0.024,-0.022,-0.265,0.009,0.011,0.0,0.0,0.0,0.0,0.062,0.37,0.026000000000000002,0.21800000000000003,0.002,0.0,0.022,0.16,0.0,0.057999999999999996,0.05600000000000001,0.016,0.0
223,8.92,0.98,1,0.012,-0.038,-0.274,0.01,0.014,0.0,0.0,0.0,0.0,0.06999999999999999,0.394,0.024,0.20400000000000001,0.002,0.0,0.032,0.182,0.0,0.048,0.062,0.022,0.0
224,8.96,0.98,1,0.001,-0.036,-0.282,0.014,0.017,0.0,0.0,0.004,0.0,0.068,0.42400000000000004,0.028000000000000004,0.21200000000000002,0.0,0.0,0.032,0.176,0.0,0.032,0.066,0.014000000000000002,0.0
225,9.0,0.98,1,0.003,-0.032,-0.281,0.017,0.016,0.0,0.0,0.004,0.0,0.078,0.43600000000000005,0.03,0.244,0.0,0.0,0.014000000000000002,0.182,0.0,0.022,0.072,0.014000000000000002,0.004
226,9.04,0.98,1,0.005,-0.027,-0.279,0.014,0.014,0.0,0.0,0.02,0.0,0.072,0.44400000000000006,0.048,0.244,0.0,0.0,0.006,0.162,0.0,0.012,0.05,0.002,0.008
227,9.08,0.98,1,0.008,-0.021,-0.275,0.016,0.014,0.0,0.0,0.034,0.0,0.06999999999999999,0.45999999999999996,0.052000000000000005,0.22799999999999998,0.0,0.0,0.004,0.152,0.0,0.006,0.05,0.0,0.026000000000000002
228,9.12,0.98,1,0.015,-0.025,-0.274,0.017,0.016,0.0,0.0,0.041999999999999996,0.0,0.064,0.488,0.057999999999999996,0.21200000000000002,0.0,0.0,0.01,0.136,0.0,0.0,0.048,0.0,0.032
229,9.16,0.98,1,0.015,-0.026,-0.276,0.015,0.016,0.0,0.0,0.028000000000000004,0.0,0.064,0.502,0.046,0.21800000000000003,0.0,0.0,0.01,0.136,0.0,0.0,0.05,0.0,0.034
230,9.2,0.98,1,0.008,-0.029,-0.282,0.013,0.017,0.0,0.0,0.026000000000000002,0.0,0.068,0.526,0.04,0.21400000000000002,0.0,0.0,0.01,0.136,0.004,0.0,0.044,0.014000000000000002,0.028000000000000004
231,9.24,0.98,1,0.003,-0.039,-0.288,0.011,0.018,0.0,0.0,0.03,0.0,0.068,0.53,0.034,0.21400000000000002,0.0,0.0,0.004,0.13999999999999999,0.004,0.0,0.034,0.026000000000000002,0.034
232,9.28,0.98,1,-0.0,-0.035,-0.283,0.011,0.017,0.0,0.0,0.041999999999999996,0.0,0.072,0.524,0.024,0.2,0.0,0.0,0.014000000000000002,0.146,0.006,0.0,0.028000000000000004,0.032,0.028000000000000004
233,9.32,0.98,1,0.02,-0.02,-0.27,0.008,0.015,0.0,0.0,0.04,0.0,0.076,0.504,0.018,0.20400000000000001,0.0,0.0,0.014000000000000002,0.16,0.014000000000000002,0.0,0.03,0.03,0.024
234,9.36,0.98,1,0.021,-0.018,-0.27,0.006,0.011,0.0,0.0,0.038,0.0,0.078,0.48200000000000004,0.018,0.21000000000000002,0.0,0.0,0.018,0.176,0.018,0.002,0.028000000000000004,0.046,0.014000000000000002
235,9.4,0.98,1,0.017,-0.021,-0.28,0.006,0.012,0.0,0.0,0.04,0.0,0.088,0.462,0.024,0.22200000000000003,0.0,0.0,0.008,0.184,0.016,0.01,0.032,0.074,0.016
236,9.44,0.98,1,0.019,-0.013,-0.279,0.004,0.013,0.0,0.0,0.04,0.0,0.086,0.45599999999999996,0.028000000000000004,0.22999999999999998,0.0,0.0,0.008,0.182,0.01,0.016,0.018,0.096,0.018
237,9.48,0.98,1,0.023,0.0,-0.267,0.006,0.014,0.0,0.0,0.054000000000000006,0.0,0.092,0.48,0.032,0.22599999999999998,0.0,0.0,0.018,0.172,0.016,0.024,0.014000000000000002,0.1,0.01
238,9.52,0.98,1,0.02,0.005,-0.259,0.003,0.019,0.0,0.0,0.064,0.0,0.08199999999999999,0.488,0.034,0.22599999999999998,0.0,0.0,0.028000000000000004,0.16999999999999998,0.03,0.024,0.024,0.094,0.01
239,9.56,0.98,1,0.023,0.002,-0.254,-0.004,0.019,0.0,0.0,0.066,0.0,0.08,0.48600000000000004,0.03,0.21800000000000003,0.0,0.0,0.032,0.178,0.04,0.028000000000000004,0.03,0.10200000000000001,0.0
240,9.6,0.98,1,0.014,-0.006,-0.265,-0.001,0.018,0.0,0.0,0.048,0.0,0.074,0.466,0.02,0.21600000000000003,0.0,0.0,0.034,0.172,0.032,0.028000000000000004,0.038,0.12,0.0
241,9.64,0.98,1,0.012,-0.011,-0.273,0.001,0.012,0.0,0.0,0.036,0.0,0.078,0.47000000000000003,0.014000000000000002,0.21400000000000002,0.0,0.0,0.038,0.16799999999999998,0.018,0.028000000000000004,0.02,0.13,0.0
242,9.68,0.98,1,0.004,-0.009,-0.272,0.005,0.008,0.0,0.0,0.028000000000000004,0.0,0.078,0.466,0.016,0.20600000000000002,0.0,0.0,0.032,0.16,0.002,0.026000000000000002,0.01,0.122,0.008
243,9.72,0.98,1,0.012,-0.005,-0.27,0.005,0.008,0.0,0.0,0.032,0.0,0.06999999999999999,0.462,0.02,0.19,0.0,0.0,0.02,0.144,0.002,0.014000000000000002,0.034,0.098,0.008
244,9.76,0.98,1,0.012,0.001,-0.258,0.005,0.006,0.0,0.0,0.036,0.0,0.057999999999999996,0.45599999999999996,0.022,0.16999999999999998,0.0,0.0,0.022,0.126,0.0,0.006,0.066,0.08399999999999999,0.01
245,9.8,0.98,1,0.014,0.002,-0.259,0.004,0.005,0.0,0.0,0.038,0.0,0.05,0.466,0.024,0.16799999999999998,0.0,0.0,0.038,0.10800000000000001,0.0,0.0,0.088,0.074,0.01
246,9.84,0.98,1,0.011,-0.008,-0.266,0.007,0.004,0.0,0.0,0.03,0.0,0.054000000000000006,0.47800000000000004,0.03,0.16799999999999998,0.0,0.0,0.038,0.10400000000000001,0.0,0.0,0.06999999999999999,0.066,0.014000000000000002
247,9.88,0.98,1,0.011,-0.012,-0.269,0.01,0.004,0.0,0.0,0.02,0.0,0.05600000000000001,0.48600000000000004,0.04,0.16,0.0,0.0,0.022,0.10400000000000001,0.0,0.0,0.038,0.06,0.012
248,9.92,0.98,1,0.011,-0.009,-0.265,0.009,0.003,0.0,0.0,0.018,0.0,0.05600000000000001,0.46399999999999997,0.044,0.16999999999999998,0.0,0.0,0.002,0.088,0.0,0.0,0.028000000000000004,0.05,0.004
249,9.96,0.98,1,0.013,-0.005,-0.261,0.011,0.003,0.0,0.0,0.012,0.0,0.052000000000000005,0.45999999999999996,0.044,0.172,0.0,0.0,0.016,0.086,0.0,0.0,0.016,0.044,0.0
250,10.0,0.98,1,0.01,-0.008,-0.274,0.011,0.004,0.0,0.0,0.008,0.0,0.05,0.44800000000000006,0.041999999999999996,0.176,0.0,0.0,0.016,0.066,0.0,0.0,0.016,0.03,0.0
251,10.04,0.98,1,0.009,-0.009,-0.277,0.012,0.004,0.0,0.0,0.0,0.0,0.044,0.45599999999999996,0.032,0.148,0.0,0.0,0.03,0.06,0.0,0.0,0.004,0.024,0.0
252,10.08,0.98,1,0.019,-0.025,-0.28,0.013,0.007,0.0,0.0,0.0,0.0,0.044,0.44000000000000006,0.022,0.148,0.0,0.0,0.026000000000000002,0.062,0.0,0.0,0.006,0.022,0.0
253,10.12,0.98,1,0.016,-0.017,-0.276,0.017,0.01,0.0,0.0,0.0,0.0,0.052000000000000005,0.442,0.006,0.16999999999999998,0.0,0.0,0.036,0.11399999999999999,0.0,0.0,0.006,0.038,0.0
254,10.16,0.98,1,0.017,-0.008,-0.27,0.019,0.014,0.0,0.0,0.0,0.0,0.054000000000000006,0.44000000000000006,0.008,0.19,0.0,0.0,0.022,0.126,0.0,0.0,0.01,0.05,0.002
255,10.2,0.98,1,0.019,0.001,-0.264,0.012,0.011,0.0,0.0,0.0,0.0,0.05,0.434,0.008,0.20400000000000001,0.0,0.0,0.026000000000000002,0.13,0.0,0.0,0.006,0.044,0.002
256,10.24,0.98,1,0.021,0.003,-0.262,0.015,0.013,0.0,0.0,0.0,0.0,0.041999999999999996,0.44000000000000006,0.008,0.186,0.0,0.0,0.034,0.10200000000000001,0.0,0.0,0.006,0.04,0.002
257,10.28,0.98,1,0.021,-0.001,-0.266,0.014,0.013,0.0,0.0,0.0,0.0,0.038,0.442,0.0,0.18,0.0,0.0,0.05,0.10800000000000001,0.0,0.0,0.0,0.03,0.0
258,10.32,0.98,1,0.019,-0.0,-0.264,0.013,0.014,0.0,0.0,0.0,0.0,0.041999999999999996,0.442,0.0,0.16599999999999998,0.0,0.0,0.034,0.096,0.0,0.0,0.008,0.028000000000000004,0.0
259,10.36,0.98,1,0.011,0.003,-0.259,0.013,0.015,0.0,0.0,0.0,0.0,0.041999999999999996,0.426,0.0,0.16399999999999998,0.0,0.0,0.026000000000000002,0.11200000000000002,0.0,0.0,0.008,0.026000000000000002,0.0
260,10.4,0.98,1,0.008,0.003,-0.261,0.019,0.017,0.0,0.0,0.0,0.0,0.041999999999999996,0.40800000000000003,0.0,0.158,0.0,0.0,0.016,0.126,0.0,0.0,0.008,0.028000000000000004,0.0
261,10.44,0.98,1,0.011,0.002,-0.267,0.02,0.015,0.0,0.0,0.0,0.0,0.034,0.42000000000000004,0.0,0.15,0.002,0.0,0.032,0.132,0.0,0.0,0.006,0.046,0.0
262,10.48,0.98,1,0.02,-0.013,-0.273,0.021,0.013,0.0,0.0,0.0,0.0,0.022,0.438,0.0,0.144,0.002,0.0,0.032,0.132,0.0,0.01,0.006,0.05,0.0
263,10.52,0.98,1,0.024,-0.017,-0.281,0.022,0.014,0.004,0.0,0.0,0.0,0.02,0.45199999999999996,0.0,0.156,0.002,0.0,0.024,0.13,0.0,0.022,0.006,0.05600000000000001,0.0
264,10.56,0.98,1,0.022,-0.024,-0.293,0.024,0.013,0.012,0.0,0.0,0.0,0.018,0.46399999999999997,0.0,0.162,0.002,0.0,0.008,0.13,0.0,0.028000000000000004,0.0,0.048,0.0
265,10.6,0.98,1,0.015,-0.024,-0.294,0.025,0.014,0.014000000000000002,0.0,0.0,0.0,0.026000000000000002,0.45999999999999996,0.0,0.162,0.008,0.0,0.002,0.11200000000000002,0.0,0.018,0.016,0.036,0.0
266,10.64,0.98,1,0.01,-0.024,-0.292,0.029,0.016,0.012,0.0,0.0,0.0,0.028000000000000004,0.45,0.0,0.13799999999999998,0.014000000000000002,0.0,0.002,0.08199999999999999,0.0,0.006,0.034,0.032,0.0
267,10.68,0.98,1,0.009,-0.026,-0.29,0.028,0.018,0.004,0.0,0.0,0.0,0.024,0.426,0.0,0.132,0.016,0.0,0.002,0.094,0.0,0.0,0.04,0.02,0.012
268,10.72,0.98,1,0.014,-0.032,-0.296,0.029,0.021,0.004,0.0,0.0,0.0,0.026000000000000002,0.404,0.0,0.13,0.016,0.0,0.0,0.092,0.0,0.0,0.036,0.016,0.012
269,10.76,0.98,1,0.016,-0.042,-0.298,0.026,0.024,0.002,0.0,0.0,0.0,0.032,0.40599999999999997,0.0,0.146,0.014000000000000002,0.0,0.0,0.11399999999999999,0.0,0.0,0.018,0.008,0.024
270,10.8,0.98,1,0.021,-0.041,-0.298,0.023,0.024,0.002,0.0,0.0,0.0,0.052000000000000005,0.434,0.0,0.156,0.016,0.0,0.016,0.126,0.0,0.0,0.012,0.01,0.012
271,10.84,0.98,1,0.012,-0.033,-0.298,0.024,0.025,0.0,0.0,0.0,0.0,0.06,0.44000000000000006,0.0,0.162,0.014000000000000002,0.0,0.016,0.134,0.0,0.0,0.0,0.018,0.028000000000000004
272,10.88,0.98,1,-0.002,-0.032,-0.297,0.025,0.027,0.0,0.0,0.0,0.0,0.064,0.454,0.0,0.154,0.014000000000000002,0.0,0.041999999999999996,0.146,0.0,0.0,0.0,0.012,0.016
273,10.92,0.98,1,0.002,-0.039,-0.298,0.027,0.031,0.006,0.0,0.0,0.0,0.05600000000000001,0.43200000000000005,0.0,0.13999999999999999,0.01,0.0,0.038,0.132,0.0,0.0,0.0,0.01,0.016
274,10.96,0.98,1,0.002,-0.042,-0.298,0.026,0.033,0.006,0.0,0.0,0.0,0.057999999999999996,0.43,0.0,0.142,0.008,0.0,0.066,0.16,0.0,0.0,0.0,0.01,0.0
275,11.0,0.98,1,0.008,-0.035,-0.287,0.023,0.034,0.006,0.0,0.0,0.0,0.05600000000000001,0.41600000000000004,0.0,0.15,0.002,0.0,0.05600000000000001,0.16399999999999998,0.0,0.012,0.0,0.02,0.0
276,11.04,0.98,1,0.009,-0.035,-0.289,0.022,0.03,0.0,0.0,0.0,0.0,0.057999999999999996,0.41600000000000004,0.0,0.154,0.002,0.0,0.052000000000000005,0.186,0.0,0.028000000000000004,0.0,0.038,0.002
277,11.08,0.98,1,0.012,-0.033,-0.287,0.023,0.025,0.004,0.0,0.0,0.0,0.05600000000000001,0.426,0.0,0.16399999999999998,0.0,0.0,0.04,0.176,0.0,0.036,0.0,0.032,0.002
278,11.12,0.98,1,0.015,-0.039,-0.298,0.026,0.023,0.02,0.01,0.0,0.0,0.05600000000000001,0.422,0.0,0.16599999999999998,0.0,0.0,0.024,0.186,0.0,0.034,0.0,0.02,0.002
279,11.16,0.98,1,0.014,-0.037,-0.302,0.026,0.018,0.06,0.018,0.0,0.008,0.052000000000000005,0.418,0.0,0.18,0.002,0.0,0.014000000000000002,0.19,0.0,0.02,0.0,0.002,0.0
280,11.2,0.98,1,0.026,-0.049,-0.312,0.025,0.02,0.092,0.022,0.0,0.01,0.06,0.422,0.0,0.178,0.024,0.0,0.0,0.188,0.0,0.012,0.034,0.0,0.0
281,11.24,0.98,1,0.032,-0.054,-0.303,0.023,0.019,0.098,0.012,0.0,0.012,0.074,0.418,0.0,0.186,0.05,0.0,0.0,0.156,0.0,0.0,0.094,0.0,0.0
282,11.28,0.98,1,0.029,-0.059,-0.303,0.021,0.014,0.057999999999999996,0.004,0.0,0.004,0.092,0.42000000000000004,0.0,0.19,0.072,0.0,0.0,0.13999999999999999,0.0,0.0,0.156,0.0,0.0
283,11.32,0.98,1,0.018,-0.046,-0.298,0.021,0.012,0.024,0.0,0.0,0.002,0.1,0.41200000000000003,0.0,0.196,0.076,0.0,0.0,0.136,0.0,0.0,0.16799999999999998,0.0,0.0
284,11.36,0.98,1,0.008,-0.049,-0.298,0.025,0.011,0.002,0.0,0.0,0.002,0.10200000000000001,0.418,0.0,0.202,0.078,0.0,0.0,0.144,0.0,0.0,0.148,0.0,0.0
285,11.4,0.98,1,0.016,-0.052,-0.298,0.026,0.014,0.004,0.0,0.0,0.002,0.10600000000000001,0.426,0.0,0.2,0.074,0.0,0.0,0.13999999999999999,0.014000000000000002,0.0,0.13,0.0,0.0
286,11.44,0.98,1,0.02,-0.047,-0.295,0.026,0.016,0.002,0.0,0.0,0.006,0.10800000000000001,0.40599999999999997,0.0,0.18,0.057999999999999996,0.0,0.0,0.142,0.016,0.0,0.12,0.0,0.0
287,11.48,0.98,1,0.02,-0.048,-0.295,0.031,0.018,0.002,0.0,0.0,0.006,0.1,0.41,0.0,0.16399999999999998,0.034,0.0,0.004,0.16399999999999998,0.016,0.002,0.08399999999999999,0.002,0.0
288,11.52,0.98,1,0.026,-0.043,-0.299,0.026,0.017,0.0,0.0,0.0,0.006,0.088,0.394,0.0,0.152,0.018,0.0,0.004,0.186,0.002,0.002,0.041999999999999996,0.002,0.0
289,11.56,0.98,1,0.023,-0.051,-0.3,0.022,0.017,0.0,0.0,0.0,0.0,0.08399999999999999,0.398,0.0,0.158,0.016,0.0,0.004,0.2,0.0,0.002,0.014000000000000002,0.002,0.0
290,11.6,0.98,1,0.018,-0.046,-0.293,0.027,0.014,0.0,0.0,0.0,0.0,0.086,0.38,0.0,0.16799999999999998,0.024,0.0,0.0,0.20400000000000001,0.0,0.0,0.022,0.0,0.01
291,11.64,0.98,1,0.018,-0.039,-0.288,0.028,0.015,0.0,0.0,0.0,0.0,0.09,0.352,0.0,0.174,0.03,0.0,0.0,0.20400000000000001,0.0,0.0,0.054000000000000006,0.0,0.036
292,11.68,0.98,1,0.018,-0.034,-0.278,0.028,0.015,0.0,0.0,0.0,0.0,0.08199999999999999,0.32599999999999996,0.0,0.176,0.034,0.0,0.0,0.20600000000000002,0.0,0.0,0.062,0.0,0.038
293,11.72,0.98,1,0.014,-0.029,-0.278,0.025,0.017,0.0,0.0,0.0,0.004,0.08399999999999999,0.298,0.0,0.176,0.044,0.0,0.0,0.21000000000000002,0.0,0.0,0.098,0.0,0.028000000000000004
294,11.76,0.98,1,0.018,-0.025,-0.267,0.024,0.016,0.0,0.0,0.0,0.008,0.088,0.3,0.0,0.184,0.05600000000000001,0.0,0.0,0.21200000000000002,0.0,0.0,0.128,0.012,0.014000000000000002
295,11.8,0.98,1,0.02,-0.032,-0.271,0.022,0.015,0.0,0.0,0.0,0.008,0.092,0.316,0.0,0.176,0.066,0.0,0.0,0.21400000000000002,0.0,0.004,0.154,0.012,0.034
296,11.84,0.98,1,0.029,-0.03,-0.275,0.02,0.013,0.0,0.0,0.0,0.006,0.09,0.33999999999999997,0.0,0.16799999999999998,0.06,0.0,0.0,0.21400000000000002,0.0,0.004,0.156,0.028000000000000004,0.05
297,11.88,0.98,1,0.023,-0.033,-0.282,0.018,0.012,0.0,0.0,0.0,0.002,0.094,0.368,0.0,0.172,0.046,0.0,0.006,0.21800000000000003,0.018,0.004,0.128,0.044,0.04
298,11.92,0.98,1,0.03,-0.044,-0.294,0.017,0.012,0.01,0.0,0.0,0.01,0.092,0.404,0.0,0.16599999999999998,0.024,0.0,0.024,0.21800000000000003,0.022,0.002,0.098,0.044,0.03
299,11.96,0.98,1,0.036,-0.039,-0.305,0.012,0.015,0.026000000000000002,0.0,0.0,0.006,0.078,0.42000000000000004,0.0,0.16,0.01,0.0,0.04,0.21600000000000003,0.022,0.014000000000000002,0.046,0.05600000000000001,0.018
300,12.0,0.98,1,0.044,-0.044,-0.31,0.002,0.015,0.04,0.0,0.0,0.006,0.05600000000000001,0.44400000000000006,0.0,0.128,0.0,0.0,0.046,0.198,0.004,0.014000000000000002,0.014000000000000002,0.03,0.024
301,12.04,0.98,1,0.035,-0.052,-0.313,0.008,0.016,0.032,0.0,0.0,0.014000000000000002,0.048,0.41600000000000004,0.0,0.126,0.006,0.0,0.032,0.178,0.0,0.012,0.002,0.03,0.012
302,12.08,0.98,1,0.016,-0.056,-0.295,0.012,0.017,0.018,0.0,0.0,0.02,0.057999999999999996,0.418,0.0,0.136,0.024,0.0,0.014000000000000002,0.16399999999999998,0.0,0.0,0.006,0.01,0.02
303,12.12,0.98,1,0.021,-0.052,-0.289,0.017,0.016,0.002,0.0,0.0,0.026000000000000002,0.068,0.39,0.0,0.154,0.046,0.0,0.004,0.16399999999999998,0.0,0.016,0.006,0.008,0.01
304,12.16,0.98,1,0.015,-0.054,-0.29,0.02,0.018,0.002,0.0,0.0,0.01,0.072,0.384,0.0,0.158,0.052000000000000005,0.0,0.004,0.172,0.0,0.034,0.01,0.008,0.018
305,12.2,0.98,1,0.014,-0.063,-0.299,0.023,0.021,0.004,0.0,0.0,0.026000000000000002,0.068,0.376,0.0,0.136,0.036,0.0,0.008,0.158,0.002,0.034,0.01,0.006,0.006
306,12.24,0.98,1,0.011,-0.073,-0.317,0.025,0.024,0.006,0.0,0.0,0.034,0.066,0.392,0.0,0.122,0.014000000000000002,0.0,0.022,0.146,0.014000000000000002,0.018,0.012,0.006,0.006
307,12.28,0.98,1,0.002,-0.07,-0.317,0.025,0.026,0.008,0.0,0.0,0.05,0.057999999999999996,0.418,0.0,0.122,0.0,0.0,0.022,0.13,0.022,0.0,0.01,0.006,0.0
308,12.32,0.98,1,0.01,-0.066,-0.319,0.025,0.029,0.004,0.0,0.0,0.028000000000000004,0.05,0.4,0.0,0.128,0.0,0.0,0.02,0.13999999999999999,0.02,0.012,0.002,0.016,0.012
309,12.36,0.98,1,0.013,-0.056,-0.31,0.019,0.021,0.002,0.0,0.0,0.018,0.052000000000000005,0.386,0.0,0.136,0.0,0.0,0.006,0.146,0.008,0.028000000000000004,0.0,0.022,0.018
310,12.4,0.98,1,0.02,-0.054,-0.304,0.021,0.018,0.006,0.0,0.0,0.002,0.054000000000000006,0.382,0.0,0.144,0.0,0.0,0.008,0.162,0.008,0.041999999999999996,0.0,0.024,0.028000000000000004
311,12.44,0.98,1,0.013,-0.057,-0.309,0.03,0.017,0.008,0.0,0.0,0.016,0.05600000000000001,0.41,0.0,0.16399999999999998,0.0,0.0,0.016,0.152,0.008,0.046,0.0,0.01,0.016
312,12.48,0.98,1,0.014,-0.052,-0.308,0.032,0.014,0.016,0.0,0.0,0.018,0.05,0.44000000000000006,0.0,0.158,0.0,0.0,0.016,0.16,0.008,0.032,0.0,0.014000000000000002,0.02
313,12.52,0.98,1,0.035,-0.05,-0.313,0.031,0.014,0.026000000000000002,0.0,0.0,0.03,0.048,0.45199999999999996,0.0,0.15,0.002,0.0,0.008,0.15,0.018,0.018,0.0,0.01,0.016
314,12.56,0.98,1,0.022,-0.053,-0.307,0.024,0.013,0.03,0.0,0.0,0.03,0.054000000000000006,0.47000000000000003,0.0,0.13999999999999999,0.008,0.0,0.004,0.154,0.028000000000000004,0.002,0.016,0.01,0.022
315,12.6,0.98,1,0.02,-0.064,-0.309,0.02,0.017,0.022,0.0,0.0,0.026000000000000002,0.062,0.44000000000000006,0.0,0.16,0.024,0.0,0.004,0.154,0.028000000000000004,0.004,0.03,0.0,0.014000000000000002
316,12.64,0.98,1,-0.003,-0.063,-0.31,0.017,0.021,0.016,0.0,0.0,0.016,0.074,0.41,0.0,0.174,0.034,0.0,0.012,0.148,0.01,0.004,0.057999999999999996,0.006,0.008
317,12.68,0.98,1,0.001,-0.071,-0.316,0.021,0.022,0.034,0.0,0.0,0.008,0.078,0.364,0.0,0.16599999999999998,0.028000000000000004,0.0,0.008,0.136,0.016,0.004,0.046,0.006,0.0
318,12.72,0.98,1,-0.0,-0.066,-0.319,0.019,0.024,0.048,0.0,0.0,0.008,0.072,0.362,0.0,0.146,0.012,0.0,0.038,0.146,0.03,0.008,0.03,0.006,0.0
319,12.76,0.98,1,0.002,-0.058,-0.316,0.022,0.027,0.057999999999999996,0.0,0.0,0.024,0.052000000000000005,0.362,0.0,0.122,0.0,0.0,0.034,0.16,0.054000000000000006,0.008,0.002,0.0,0.0
320,12.8,0.98,1,-0.001,-0.063,-0.32,0.021,0.025,0.064,0.0,0.0,0.026000000000000002,0.046,0.392,0.0,0.10600000000000001,0.0,0.0,0.04,0.162,0.05600000000000001,0.008,0.004,0.002,0.0
321,12.84,0.98,1,0.003,-0.082,-0.332,0.016,0.021,0.064,0.0,0.0,0.026000000000000002,0.044,0.38,0.0,0.10600000000000001,0.0,0.0,0.014000000000000002,0.128,0.054000000000000006,0.0,0.014000000000000002,0.004,0.0
322,12.88,0.98,1,0.003,-0.09,-0.348,0.014,0.016,0.066,0.002,0.0,0.014000000000000002,0.048,0.39,0.0,0.10800000000000001,0.0,0.0,0.01,0.1,0.044,0.0,0.02,0.016,0.002
323,12.92,0.98,1,-0.005,-0.09,-0.345,0.017,0.014,0.052000000000000005,0.002,0.0,0.006,0.044,0.38,0.0,0.124,0.0,0.0,0.006,0.098,0.044,0.0,0.016,0.014000000000000002,0.006
324,12.96,0.98,1,-0.008,-0.092,-0.343,0.016,0.014,0.052000000000000005,0.002,0.0,0.006,0.038,0.388,0.0,0.118,0.0,0.0,0.008,0.11000000000000001,0.044,0.006,0.006,0.012,0.01
325,13.0,0.98,1,0.002,-0.093,-0.341,0.018,0.015,0.054000000000000006,0.0,0.0,0.002,0.038,0.38,0.0,0.124,0.0,0.0,0.018,0.11000000000000001,0.05600000000000001,0.006,0.0,0.004,0.008
326,13.04,0.98,1,0.004,-0.085,-0.327,0.017,0.015,0.052000000000000005,0.0,0.0,0.016,0.041999999999999996,0.366,0.0,0.122,0.0,0.0,0.028000000000000004,0.10800000000000001,0.052000000000000005,0.006,0.016,0.01,0.004
327,13.08,0.98,1,-0.002,-0.079,-0.326,0.024,0.016,0.048,0.0,0.0,0.016,0.05,0.388,0.0,0.134,0.0,0.0,0.03,0.124,0.046,0.0,0.016,0.01,0.0
328,13.12,0.98,1,0.004,-0.078,-0.326,0.018,0.013,0.048,0.0,0.0,0.022,0.05,0.398,0.0,0.132,0.0,0.0,0.022,0.144,0.048,0.0,0.016,0.006,0.0
329,13.16,0.98,1,-0.002,-0.078,-0.327,0.02,0.014,0.05,0.0,0.0,0.012,0.052000000000000005,0.414,0.0,0.136,0.0,0.0,0.012,0.15,0.05,0.0,0.002,0.0,0.0
330,13.2,0.98,1,-0.001,-0.075,-0.32,0.024,0.017,0.048,0.0,0.0,0.012,0.05,0.396,0.0,0.13999999999999999,0.0,0.0,0.01,0.144,0.048,0.0,0.002,0.008,0.0
331,13.24,0.98,1,0.008,-0.065,-0.316,0.021,0.019,0.04,0.0,0.0,0.004,0.054000000000000006,0.384,0.0,0.144,0.0,0.0,0.008,0.15,0.022,0.006,0.002,0.012,0.0
332,13.28,0.98,1,0.001,-0.075,-0.329,0.02,0.017,0.044,0.0,0.0,0.0,0.054000000000000006,0.40599999999999997,0.0,0.148,0.0,0.0,0.006,0.162,0.006,0.006,0.0,0.012,0.0
333,13.32,0.98,1,0.003,-0.086,-0.341,0.023,0.018,0.044,0.0,0.0,0.0,0.06,0.41600000000000004,0.0,0.156,0.006,0.0,0.0,0.136,0.0,0.006,0.016,0.004,0.02
334,13.36,0.98,1,-0.006,-0.081,-0.337,0.034,0.018,0.044,0.004,0.0,0.0,0.06999999999999999,0.45,0.0,0.172,0.01,0.0,0.0,0.122,0.0,0.0,0.022,0.0,0.04
335,13.4,0.98,1,0.0,-0.084,-0.334,0.032,0.015,0.034,0.004,0.0,0.006,0.08199999999999999,0.442,0.0,0.19,0.014000000000000002,0.0,0.0,0.10200000000000001,0.0,0.0,0.04,0.0,0.04
336,13.44,0.98,1,0.002,-0.09,-0.337,0.031,0.015,0.034,0.008,0.0,0.006,0.088,0.434,0.0,0.192,0.008,0.0,0.0,0.124,0.0,0.0,0.04,0.0,0.024
337,13.48,0.98,1,-0.007,-0.081,-0.332,0.033,0.015,0.028000000000000004,0.004,0.0,0.006,0.09,0.42000000000000004,0.0,0.192,0.006,0.0,0.0,0.128,0.0,0.0,0.046,0.0,0.01
338,13.52,0.98,1,-0.001,-0.08,-0.329,0.034,0.012,0.032,0.022,0.0,0.0,0.096,0.398,0.0,0.188,0.006,0.0,0.0,0.136,0.0,0.0,0.05600000000000001,0.0,0.016
339,13.56,0.98,1,-0.002,-0.076,-0.327,0.034,0.008,0.022,0.018,0.0,0.002,0.1,0.382,0.0,0.186,0.012,0.0,0.0,0.134,0.0,0.0,0.076,0.0,0.018
340,13.6,0.98,1,0.002,-0.075,-0.324,0.029,0.007,0.012,0.018,0.0,0.002,0.10200000000000001,0.372,0.0,0.18,0.014000000000000002,0.0,0.0,0.12,0.0,0.0,0.098,0.0,0.014000000000000002
341,13.64,0.98,1,-0.003,-0.079,-0.325,0.027,0.01,0.0,0.0,0.0,0.002,0.098,0.376,0.0,0.172,0.016,0.0,0.0,0.122,0.0,0.0,0.10600000000000001,0.0,0.006
342,13.68,0.98,1,0.007,-0.087,-0.333,0.024,0.013,0.0,0.0,0.0,0.0,0.096,0.384,0.0,0.16799999999999998,0.012,0.0,0.0,0.11399999999999999,0.0,0.0,0.096,0.014000000000000002,0.002
343,13.72,0.98,1,0.002,-0.071,-0.336,0.029,0.015,0.0,0.0,0.002,0.0,0.1,0.364,0.002,0.172,0.01,0.0,0.0,0.12,0.0,0.0,0.078,0.014000000000000002,0.0
344,13.76,0.98,1,0.001,-0.082,-0.335,0.021,0.01,0.0,0.0,0.002,0.0,0.10200000000000001,0.352,0.002,0.188,0.01,0.0,0.0,0.11399999999999999,0.0,0.0,0.052000000000000005,0.014000000000000002,0.0
345,13.8,0.98,1,0.009,-0.082,-0.333,0.024,0.007,0.0,0.0,0.002,0.0,0.098,0.348,0.002,0.19,0.012,0.0,0.0,0.12,0.004,0.0,0.03,0.0,0.0
346,13.84,0.98,1,-0.007,-0.076,-0.332,0.027,0.007,0.0,0.0,0.006,0.0,0.092,0.378,0.0,0.18,0.012,0.0,0.0,0.126,0.006,0.006,0.016,0.0,0.0
347,13.88,0.98,1,-0.005,-0.069,-0.325,0.026,0.007,0.0,0.0,0.018,0.0,0.08399999999999999,0.384,0.002,0.16399999999999998,0.004,0.0,0.0,0.15,0.006,0.006,0.004,0.0,0.014000000000000002
348,13.92,0.98,1,-0.005,-0.052,-0.307,0.025,0.013,0.0,0.0,0.03,0.0,0.08,0.396,0.002,0.16799999999999998,0.0,0.0,0.0,0.178,0.002,0.006,0.0,0.0,0.016
349,13.96,0.98,1,0.001,-0.051,-0.304,0.023,0.016,0.0,0.0,0.034,0.0,0.078,0.39,0.002,0.19,0.002,0.0,0.0,0.192,0.0,0.0,0.0,0.0,0.038
350,14.0,0.98,1,0.003,-0.049,-0.316,0.025,0.015,0.0,0.0,0.034,0.0,0.078,0.396,0.0,0.194,0.004,0.0,0.004,0.202,0.0,0.006,0.0,0.0,0.024
351,14.04,0.98,1,-0.011,-0.056,-0.319,0.022,0.016,0.0,0.0,0.028000000000000004,0.0,0.076,0.40800000000000003,0.0,0.18,0.004,0.0,0.004,0.194,0.0,0.006,0.0,0.0,0.024
352,14.08,0.98,1,-0.003,-0.061,-0.319,0.019,0.016,0.0,0.0,0.022,0.0,0.076,0.418,0.0,0.172,0.004,0.0,0.004,0.194,0.0,0.006,0.0,0.0,0.002
353,14.12,0.98,1,-0.016,-0.055,-0.318,0.024,0.018,0.0,0.0,0.012,0.0,0.08199999999999999,0.418,0.0,0.172,0.002,0.0,0.0,0.182,0.0,0.002,0.0,0.0,0.002
354,14.16,0.98,1,-0.017,-0.058,-0.317,0.023,0.018,0.0,0.0,0.006,0.0,0.096,0.41200000000000003,0.008,0.178,0.014000000000000002,0.0,0.0,0.154,0.002,0.0,0.006,0.0,0.0
355,14.2,0.98,1,-0.025,-0.063,-0.32,0.024,0.01,0.0,0.0,0.0,0.0,0.10800000000000001,0.418,0.016,0.172,0.022,0.0,0.0,0.148,0.002,0.0,0.006,0.0,0.0
356,14.24,0.98,1,-0.027,-0.062,-0.326,0.018,0.005,0.0,0.0,0.002,0.0,0.10600000000000001,0.43600000000000005,0.024,0.16599999999999998,0.026000000000000002,0.0,0.0,0.13799999999999998,0.002,0.0,0.006,0.002,0.0
357,14.28,0.98,1,-0.02,-0.058,-0.322,0.021,-0.0,0.0,0.0,0.014000000000000002,0.0,0.1,0.46399999999999997,0.03,0.16599999999999998,0.016,0.0,0.0,0.162,0.0,0.004,0.0,0.012,0.0
358,14.32,0.98,1,-0.023,-0.044,-0.308,0.023,-0.002,0.0,0.0,0.026000000000000002,0.0,0.094,0.46399999999999997,0.032,0.158,0.01,0.0,0.0,0.158,0.0,0.008,0.0,0.026000000000000002,0.0
359,14.36,0.98,1,-0.011,-0.036,-0.295,0.022,-0.0,0.0,0.0,0.032,0.0,0.094,0.46799999999999997,0.032,0.158,0.01,0.0,0.008,0.156,0.0,0.014000000000000002,0.004,0.05,0.002
360,14.4,0.98,1,-0.004,-0.039,-0.296,0.021,-0.0,0.0,0.0,0.04,0.0,0.092,0.47000000000000003,0.028000000000000004,0.146,0.014000000000000002,0.0,0.008,0.152,0.0,0.014000000000000002,0.004,0.062,0.016
361,14.44,0.98,1,-0.005,-0.04,-0.299,0.02,-0.002,0.0,0.0,0.052000000000000005,0.0,0.088,0.504,0.03,0.154,0.018,0.0,0.022,0.144,0.0,0.008,0.004,0.066,0.016
362,14.48,0.98,1,0.005,-0.047,-0.309,0.018,-0.001,0.0,0.0,0.062,0.0,0.09,0.516,0.034,0.16,0.02,0.0,0.024,0.148,0.0,0.004,0.0,0.05600000000000001,0.012
363,14.52,0.98,1,0.007,-0.048,-0.317,0.022,-0.002,0.0,0.0,0.057999999999999996,0.0,0.092,0.508,0.041999999999999996,0.16999999999999998,0.02,0.0,0.026000000000000002,0.13799999999999998,0.0,0.004,0.0,0.05600000000000001,0.0
364,14.56,0.98,1,0.006,-0.039,-0.309,0.022,-0.0,0.0,0.0,0.072,0.0,0.096,0.502,0.04,0.172,0.018,0.0,0.022,0.142,0.006,0.004,0.0,0.048,0.0
365,14.6,0.98,1,0.014,-0.038,-0.302,0.018,0.003,0.0,0.0,0.086,0.0,0.08199999999999999,0.506,0.034,0.174,0.014000000000000002,0.0,0.034,0.13799999999999998,0.014000000000000002,0.004,0.0,0.048,0.006
366,14.64,0.98,1,0.032,-0.034,-0.298,0.015,-0.001,0.0,0.0,0.10400000000000001,0.0,0.072,0.524,0.018,0.16999999999999998,0.01,0.0,0.057999999999999996,0.142,0.036,0.0,0.002,0.03,0.012
367,14.68,0.98,1,0.037,-0.039,-0.297,0.017,-0.002,0.0,0.0,0.096,0.0,0.062,0.516,0.008,0.16799999999999998,0.004,0.0,0.076,0.148,0.064,0.004,0.002,0.022,0.014000000000000002
368,14.72,0.98,1,0.037,-0.04,-0.291,0.015,-0.002,0.006,0.0,0.092,0.0,0.05600000000000001,0.52,0.002,0.16,0.0,0.0,0.08399999999999999,0.156,0.08199999999999999,0.016,0.002,0.012,0.01
369,14.76,0.98,1,0.036,-0.043,-0.291,0.015,-0.001,0.006,0.0,0.076,0.0,0.046,0.484,0.0,0.162,0.0,0.0,0.066,0.156,0.08199999999999999,0.028000000000000004,0.002,0.03,0.022
370,14.8,0.98,1,0.04,-0.035,-0.278,0.013,-0.001,0.026000000000000002,0.0,0.072,0.002,0.026000000000000002,0.46399999999999997,0.0,0.142,0.0,0.0,0.05600000000000001,0.148,0.076,0.048,0.018,0.05,0.02
371,14.84,0.98,1,0.007,-0.022,-0.252,0.012,-0.001,0.10200000000000001,0.01,0.052000000000000005,0.014000000000000002,0.012,0.4,0.0,0.12,0.0,0.0,0.03,0.146,0.088,0.062,0.044,0.066,0.016
372,14.88,0.93,1,0.024,-0.008,-0.234,0.005,-0.004,0.22200000000000003,0.032,0.04,0.041999999999999996,0.002,0.35,0.0,0.06999999999999999,0.0,0.0,0.024,0.178,0.10200000000000001,0.08399999999999999,0.074,0.09,0.0
373,14.92,0.98,1,0.012,-0.005,-0.2,0.004,-0.006,0.32599999999999996,0.1,0.036,0.04,0.0,0.288,0.0,0.034,0.0,0.0,0.004,0.19,0.10800000000000001,0.072,0.11399999999999999,0.13,0.014000000000000002
374,14.96,0.98,1,0.006,0.012,-0.183,0.004,-0.009,0.33799999999999997,0.13999999999999999,0.04,0.03,0.0,0.27599999999999997,0.0,0.002,0.0,0.0,0.004,0.21400000000000002,0.088,0.06,0.144,0.172,0.046
375,15.0,0.98,1,-0.003,0.058,-0.149,0.02,-0.008,0.322,0.174,0.048,0.0,0.0,0.282,0.0,0.0,0.0,0.0,0.018,0.22999999999999998,0.05,0.028000000000000004,0.178,0.192,0.064
376,15.04,0.98,1,-0.01,0.102,-0.108,0.03,-0.005,0.31,0.16,0.041999999999999996,0.0,0.0,0.288,0.0,0.0,0.0,0.0,0.044,0.25,0.02,0.016,0.186,0.202,0.068
377,15.08,0.98,1,-0.007,0.123,-0.083,0.032,-0.004,0.316,0.15,0.046,0.0,0.0,0.27799999999999997,0.0,0.0,0.0,0.0,0.068,0.244,0.002,0.0,0.20600000000000002,0.22400000000000003,0.054000000000000006
378,15.12,0.98,1,-0.017,0.139,-0.053,0.03,-0.002,0.31,0.16399999999999998,0.038,0.0,0.0,0.256,0.0,0.0,0.0,0.0,0.08,0.21000000000000002,0.002,0.0,0.22400000000000003,0.22599999999999998,0.05
379,15.16,0.98,1,-0.019,0.148,-0.038,0.036,-0.0,0.292,0.154,0.03,0.0,0.0,0.21800000000000003,0.0,0.0,0.0,0.0,0.062,0.184,0.0,0.0,0.246,0.22599999999999998,0.041999999999999996
380,15.2,0.93,1,-0.018,0.147,-0.035,0.036,0.0,0.27599999999999997,0.154,0.02,0.0,0.0,0.184,0.0,0.0,0.0,0.0,0.041999999999999996,0.13999999999999999,0.0,0.0,0.248,0.178,0.05
381,15.24,0.93,1,-0.017,0.128,-0.028,0.032,-0.003,0.27799999999999997,0.144,0.016,0.0,0.0,0.134,0.0,0.0,0.0,0.0,0.024,0.10600000000000001,0.01,0.0,0.248,0.148,0.066
382,15.28,0.93,1,-0.021,0.143,-0.012,0.036,0.0,0.292,0.16999999999999998,0.016,0.0,0.0,0.13799999999999998,0.0,0.0,0.0,0.0,0.016,0.054000000000000006,0.03,0.0,0.26,0.132,0.074
383,15.32,0.93,1,-0.042,0.161,0.009,0.04,0.004,0.32599999999999996,0.2,0.014000000000000002,0.0,0.0,0.11200000000000002,0.0,0.0,0.0,0.0,0.01,0.026000000000000002,0.03,0.0,0.304,0.144,0.052000000000000005
384,15.36,0.93,1,-0.055,0.131,0.035,0.043,0.001,0.356,0.20800000000000002,0.01,0.0,0.0,0.094,0.0,0.0,0.0,0.0,0.0,0.0,0.022,0.0,0.32599999999999996,0.144,0.018
385,15.4,0.93,1,-0.051,0.127,0.032,0.042,-0.004,0.378,0.20800000000000002,0.006,0.0,0.0,0.074,0.0,0.0,0.0,0.0,0.0,0.0,0.0,0.0,0.348,0.10400000000000001,0.002
386,15.44,0.98,1,-0.047,0.129,0.037,0.05,-0.009,0.43,0.248,0.024,0.0,0.0,0.076,0.0,0.0,0.0,0.0,0.0,0.0,0.0,0.0,0.354,0.072,0.172
387,15.48,0.93,1,-0.042,0.285,0.027,0.054,-0.011,0.51,0.302,0.03,0.0,0.0,0.066,0.0,0.0,0.0,0.0,0.0,0.0,0.0,0.0,0.368,0.041999999999999996,0.36
388,15.52,0.93,1,-0.032,0.295,0.016,0.05,-0.015,0.558,0.344,0.054000000000000006,0.0,0.0,0.052000000000000005,0.0,0.0,0.0,0.0,0.0,0.0,0.0,0.0,0.37,0.04,0.526
389,15.56,0.93,1,-0.039,0.288,0.025,0.054,-0.02,0.534,0.32599999999999996,0.054000000000000006,0.0,0.0,0.086,0.0,0.0,0.0,0.0,0.0,0.0,0.0,0.0,0.364,0.062,0.426
390,15.6,0.98,1,0.031,0.229,0.041,0.053,-0.026,0.48,0.302,0.057999999999999996,0.0,0.0,0.132,0.0,0.0,0.0,0.0,0.0,0.0,0.0,0.0,0.366,0.06999999999999999,0.27799999999999997
391,15.64,0.98,1,0.006,0.18,0.044,0.054,-0.031,0.45199999999999996,0.29,0.048,0.0,0.0,0.16999999999999998,0.0,0.0,0.0,0.0,0.0,0.0,0.004,0.0,0.37,0.08,0.132
392,15.68,0.98,1,-0.0,0.146,0.046,0.056,-0.032,0.446,0.316,0.032,0.0,0.0,0.19,0.0,0.0,0.0,0.0,0.0,0.0,0.004,0.0,0.356,0.068,0.062
393,15.72,0.98,1,-0.012,0.133,0.052,0.059,-0.032,0.44800000000000006,0.344,0.044,0.0,0.0,0.236,0.0,0.0,0.0,0.0,0.0,0.0,0.004,0.0,0.346,0.078,0.022
394,15.76,0.98,1,-0.012,0.123,0.054,0.061,-0.031,0.45599999999999996,0.354,0.044,0.0,0.0,0.268,0.0,0.0,0.0,0.0,0.0,0.0,0.002,0.0,0.346,0.078,0.0
395,15.8,0.98,1,-0.018,0.118,0.054,0.062,-0.035,0.47400000000000003,0.364,0.054000000000000006,0.0,0.0,0.286,0.0,0.0,0.0,0.0,0.0,0.0,0.008,0.0,0.354,0.074,0.0
396,15.84,0.98,1,-0.025,0.107,0.051,0.063,-0.038,0.49000000000000005,0.36,0.048,0.0,0.0,0.286,0.0,0.0,0.0,0.0,0.0,0.0,0.016,0.0,0.364,0.072,0.0
397,15.88,0.98,1,-0.027,0.11,0.053,0.064,-0.039,0.492,0.374,0.054000000000000006,0.0,0.0,0.27999999999999997,0.0,0.0,0.0,0.0,0.0,0.0,0.018,0.0,0.36,0.06999999999999999,0.0
398,15.92,0.98,1,-0.022,0.112,0.053,0.062,-0.039,0.49400000000000005,0.374,0.062,0.0,0.0,0.268,0.0,0.0,0.0,0.0,0.0,0.0,0.012,0.0,0.362,0.078,0.0
399,15.96,0.98,1,-0.022,0.111,0.05,0.063,-0.039,0.48600000000000004,0.384,0.06999999999999999,0.0,0.0,0.254,0.0,0.0,0.0,0.0,0.0,0.0,0.008,0.0,0.356,0.08199999999999999,0.0
400,16.0,0.98,1,-0.023,0.108,0.049,0.065,-0.04,0.484,0.372,0.066,0.0,0.0,0.246,0.0,0.0,0.0,0.0,0.0,0.0,0.014000000000000002,0.0,0.352,0.1,0.0
401,16.04,0.98,1,-0.017,0.108,0.045,0.068,-0.041,0.476,0.366,0.052000000000000005,0.0,0.0,0.24,0.0,0.0,0.0,0.0,0.0,0.0,0.026000000000000002,0.0,0.33999999999999997,0.098,0.0
402,16.08,0.98,1,-0.013,0.107,0.044,0.068,-0.041,0.47400000000000003,0.358,0.048,0.0,0.0,0.22999999999999998,0.0,0.0,0.0,0.0,0.0,0.0,0.038,0.0,0.32999999999999996,0.094,0.0
403,16.12,0.98,1,-0.012,0.102,0.041,0.068,-0.041,0.48,0.38,0.046,0.0,0.0,0.242,0.0,0.0,0.0,0.0,0.0,0.0,0.034,0.0,0.324,0.086,0.0
404,16.16,0.98,1,-0.019,0.105,0.04,0.069,-0.041,0.496,0.382,0.05,0.0,0.0,0.25,0.0,0.0,0.0,0.0,0.0,0.0,0.018,0.0,0.32999999999999996,0.086,0.0
405,16.2,0.98,1,-0.008,0.104,0.041,0.066,-0.039,0.502,0.37,0.052000000000000005,0.0,0.0,0.266,0.0,0.0,0.0,0.0,0.0,0.0,0.01,0.0,0.32,0.078,0.0
406,16.24,0.98,1,-0.013,0.106,0.04,0.064,-0.036,0.506,0.352,0.062,0.0,0.0,0.274,0.0,0.0,0.0,0.0,0.0,0.0,0.004,0.0,0.316,0.08,0.0
407,16.28,0.98,1,-0.015,0.108,0.039,0.062,-0.033,0.502,0.35,0.06999999999999999,0.0,0.0,0.27599999999999997,0.0,0.0,0.0,0.0,0.0,0.0,0.004,0.0,0.298,0.076,0.0
408,16.32,0.98,1,-0.002,0.106,0.042,0.062,-0.032,0.504,0.36,0.078,0.0,0.0,0.288,0.0,0.0,0.0,0.0,0.0,0.0,0.0,0.0,0.29,0.08199999999999999,0.0
409,16.36,0.98,1,-0.001,0.103,0.04,0.061,-0.032,0.502,0.378,0.076,0.0,0.0,0.288,0.0,0.0,0.0,0.0,0.0,0.0,0.0,0.0,0.27799999999999997,0.072,0.0
410,16.4,0.98,1,-0.003,0.101,0.039,0.06,-0.031,0.5,0.382,0.064,0.0,0.0,0.292,0.0,0.0,0.0,0.0,0.0,0.0,0.012,0.0,0.284,0.072,0.0
411,16.44,0.98,1,-0.005,0.097,0.034,0.063,-0.033,0.502,0.404,0.057999999999999996,0.0,0.0,0.27799999999999997,0.0,0.0,0.0,0.0,0.0,0.0,0.012,0.0,0.308,0.086,0.0
412,16.48,0.98,1,-0.007,0.098,0.037,0.062,-0.031,0.508,0.404,0.048,0.0,0.0,0.27999999999999997,0.0,0.0,0.0,0.0,0.0,0.0,0.012,0.0,0.32599999999999996,0.096,0.0
413,16.52,0.98,1,-0.005,0.099,0.036,0.063,-0.032,0.512,0.422,0.054000000000000006,0.0,0.0,0.286,0.0,0.0,0.0,0.0,0.0,0.0,0.0,0.0,0.33399999999999996,0.10200000000000001,0.0
414,16.56,0.98,1,-0.001,0.101,0.039,0.063,-0.032,0.506,0.43200000000000005,0.05600000000000001,0.0,0.0,0.304,0.0,0.0,0.0,0.0,0.0,0.0,0.0,0.0,0.32999999999999996,0.098,0.0
